<metadata xml:lang="en"><Esri><CreaDate>20231204</CreaDate><CreaTime>14131500</CreaTime><ArcGISFormat>1.0</ArcGISFormat><SyncOnce>FALSE</SyncOnce><DataProperties><lineage><Process ToolSource="c:\program files (x86)\arcgis\desktop10.3\ArcToolbox\Toolboxes\Data Management Tools.tbx\CalculateField" Date="20151121" Time="122211">CalculateField Ped_Line_Eng TEST x VB "dim x\n\nIf [CURB_DIST] = "0" Then\nx = "2"\nElseIf [CURB_DIST] = "&lt;1.5" Then\nx = "1"\nElseIf [CURB_DIST] = "&gt;1.5" Then\nx = "0"\nElse x = "N/A"\n\nEnd If "</Process><Process ToolSource="c:\program files (x86)\arcgis\desktop10.3\ArcToolbox\Toolboxes\Data Management Tools.tbx\CalculateField" Date="20151122" Time="213351">CalculateField Ped_Line_Eng CURB_DIST_CALC x VB "dim x\n\nIf [CURB_DIST] = "0" Then\nx = "2"\nElseIf [CURB_DIST] = "&lt;1.5" Then\nx = "1"\nElseIf [CURB_DIST] = "&gt;1.5" Then\nx = "0"\nElse x = "N/A"\n\nEnd If "</Process><Process ToolSource="c:\program files (x86)\arcgis\desktop10.3\ArcToolbox\Toolboxes\Data Management Tools.tbx\CalculateField" Date="20151122" Time="213550">CalculateField Ped_Line_Eng T_SPEED_CALC x VB "dim x\n\nIf [T_SPEED] = "10" Then\nx = "0"\nElseIf [T_SPEED] = "30" Then\nx = "0.5"\nElseIf [T_SPEED] = "OTHER" Then\nx = "OTHER"\nElse x = "N/A"\n\nEnd If"</Process><Process ToolSource="c:\program files (x86)\arcgis\desktop10.3\ArcToolbox\Toolboxes\Data Management Tools.tbx\CalculateField" Date="20151122" Time="214037">CalculateField Ped_Line_Eng LIGHTING "P" VB #</Process><Process ToolSource="c:\program files (x86)\arcgis\desktop10.3\ArcToolbox\Toolboxes\Data Management Tools.tbx\CalculateField" Date="20151122" Time="214049">CalculateField Ped_Line_Eng LIGHTING "R" VB #</Process><Process ToolSource="c:\program files (x86)\arcgis\desktop10.3\ArcToolbox\Toolboxes\Data Management Tools.tbx\CalculateField" Date="20151122" Time="214100">CalculateField Ped_Line_Eng LIGHTING "P" VB #</Process><Process ToolSource="c:\program files (x86)\arcgis\desktop10.3\ArcToolbox\Toolboxes\Data Management Tools.tbx\CalculateField" Date="20151122" Time="215754">CalculateField Ped_Line_Eng SURV_CALC x VB "dim  x\n\nIf [SURV] = "Y" Then\nx = "0"\nElseIf [SURV] = "N" Then\nx = "1"\nElse x = "N/A"\n\nEnd If\n"</Process><Process ToolSource="c:\program files (x86)\arcgis\desktop10.3\ArcToolbox\Toolboxes\Data Management Tools.tbx\CalculateField" Date="20151122" Time="221141">CalculateField Ped_Line_Eng LIGHT_CALC x VB "dim x\n\nIf [LIGHTING] = "P" Then\nx = "0"\nElseIf [LIGHTING] = "R" Then\nx = "0.5"\nElseIf [LIGHTING] = "N" Then\nx = "1"\nElseIf [LIGHTING] = "O" Then\nx = "0.5"\n\nEnd If"</Process><Process ToolSource="c:\program files (x86)\arcgis\desktop10.3\ArcToolbox\Toolboxes\Data Management Tools.tbx\CalculateField" Date="20151122" Time="221226">CalculateField Ped_Line_Eng LIGHT_CALC x VB "dim x\n\nIf [LIGHTING] = "P" Then\nx = "0"\nElseIf [LIGHTING] = "R" Then\nx = "0.5"\nElseIf [LIGHTING] = "N" Then\nx = "1"\nElseIf [LIGHTING] = "O" Then\nx = "0.5"\n\nEnd If"</Process><Process ToolSource="c:\program files (x86)\arcgis\desktop10.3\ArcToolbox\Toolboxes\Data Management Tools.tbx\CalculateField" Date="20151122" Time="221555">CalculateField Ped_Line_Eng LIGHT_CALC x VB "dim x\n\nIf [LIGHTING] = "P" Then\nx = "0"\nElseIf [LIGHTING] = "R" Then\nx = "0.5"\nElseIf [LIGHTING] = "N" Then\nx = "1"\nElseIf [LIGHTING] = "O" Then\nx = "0.5"\n\nEnd If"</Process><Process ToolSource="c:\program files (x86)\arcgis\desktop10.3\ArcToolbox\Toolboxes\Data Management Tools.tbx\CalculateField" Date="20151122" Time="221613">CalculateField Ped_Line_Eng LIGHT_CALC x VB "dim x\n\nIf [LIGHTING] = "P" Then\nx = "0"\nElseIf [LIGHTING] = "R" Then\nx = "0.5"\nElseIf [LIGHTING] = "N" Then\nx = "1"\nElseIf [LIGHTING] = "O" Then\nx = "0.5"\n\nEnd If"</Process><Process ToolSource="c:\program files (x86)\arcgis\desktop10.3\ArcToolbox\Toolboxes\Data Management Tools.tbx\CalculateField" Date="20151122" Time="221651">CalculateField Ped_Line_Eng MUST_CALC x VB "dim x\n\nIf [MUSTER] = "Y" Then\nx = "0"\nElseIf [MUSTER] = "N" Then\nx = "1"\n\nEnd If"</Process><Process ToolSource="c:\program files (x86)\arcgis\desktop10.3\ArcToolbox\Toolboxes\Data Management Tools.tbx\CalculateField" Date="20151122" Time="221720">CalculateField Ped_Line_Eng E_PHONE_CALC x VB "dim x\n\nIf [E_PHONES] = "Y" Then\nx = "0"\nElseIf [E_PHONES] = "N" Then\nx = "1" \n\nEnd If"</Process><Process ToolSource="c:\program files (x86)\arcgis\desktop10.3\ArcToolbox\Toolboxes\Data Management Tools.tbx\CalculateField" Date="20151122" Time="221818">CalculateField Ped_Line_Eng E_PHONE_CALC x VB "dim x\n\nIf [E_PHONES] = "Y" Then\nx = "0"\nElseIf [E_PHONES] = "N" Then\nx = "1" \n\nEnd If"</Process><Process ToolSource="c:\program files (x86)\arcgis\desktop10.3\ArcToolbox\Toolboxes\Data Management Tools.tbx\CalculateField" Date="20151122" Time="221847">CalculateField Ped_Line_Eng E_PHONE_CALC x VB "dim x\n\nIf [E_PHONES] = "Y" Then\nx = "0"\nElseIf [E_PHONES] = "N" Then\nx = "1" \n\nEnd If"</Process><Process ToolSource="c:\program files (x86)\arcgis\desktop10.3\ArcToolbox\Toolboxes\Data Management Tools.tbx\CalculateField" Date="20151122" Time="221916">CalculateField Ped_Line_Eng MUST_CALC x VB "dim x\n\nIf [MUSTER] = "Y" Then\nx = "0"\nElseIf [MUSTER] = "N" Then\nx = "1"\n\nEnd If"</Process><Process ToolSource="c:\program files (x86)\arcgis\desktop10.3\ArcToolbox\Toolboxes\Data Management Tools.tbx\CalculateField" Date="20151122" Time="221944">CalculateField Ped_Line_Eng WAY_CALC x VB "dim x\n\nIf [WAY_FI] = "Y" Then\nx = "0"\nElseIf [WAY_FI] = "N" Then\nx = "1"\n\nEnd If"</Process><Process ToolSource="c:\program files (x86)\arcgis\desktop10.3\ArcToolbox\Toolboxes\Data Management Tools.tbx\CalculateField" Date="20151122" Time="222013">CalculateField Ped_Line_Eng WAY_CALC x VB "dim x\n\nIf [WAY_FI] = "Y" Then\nx = "0"\nElseIf [WAY_FI] = "N" Then\nx = "1"\n\nEnd If"</Process><Process ToolSource="c:\program files (x86)\arcgis\desktop10.3\ArcToolbox\Toolboxes\Data Management Tools.tbx\CalculateField" Date="20151122" Time="222103">CalculateField Ped_Line_Eng GRAD_CALC x VB "dim x\n\nIf [GRADIENT] = "F" Then\nx = "0"\nElseIf [GRADIENT] = "SL" Then\nx = "1"\nElseIf [GRADIENT] = "ST" Then\nx = "2"\n\nEnd If"</Process><Process ToolSource="c:\program files (x86)\arcgis\desktop10.3\ArcToolbox\Toolboxes\Data Management Tools.tbx\CalculateField" Date="20151122" Time="222244">CalculateField Ped_Line_Eng MAT_CALC x VB "dim x\n\nIf [MATERIAL] = "A" Then\nx = "0" \nElseIf [MATERIAL] = "C" Then\nx = "0"\nElseIf [MATERIAL] = "G" Then\nx = "3"\nElseIf [MATERIAL] = "D/S" Then\nx = "2"\nElseIf [MATERIAL] = "P" Then\nx = "1"\n\nEnd If"</Process><Process ToolSource="c:\program files (x86)\arcgis\desktop10.3\ArcToolbox\Toolboxes\Data Management Tools.tbx\CalculateField" Date="20151122" Time="222432">CalculateField Ped_Line_Eng WIDTH_CALC x VB "dim x\n\nIf [WIDTH] = "&lt;1.5" Then\nx = "1"\nElseIf [WIDTH] = "&lt;1.5 | &lt;3" Then\nx = "0"\nElseIf [WIDTH] = "&gt;3" Then\nx = "-1"\n\nEnd If"</Process><Process ToolSource="c:\program files (x86)\arcgis\desktop10.3\ArcToolbox\Toolboxes\Data Management Tools.tbx\CalculateField" Date="20151122" Time="222739">CalculateField Ped_Line_Eng WIDTH_CALC x VB "dim x\n\nIf [WIDTH] = "&lt;1.5" Then\nx = "1"\nElseIf [WIDTH] = "&gt;1.5 | &lt;3" Then\nx = "0"\nElseIf [WIDTH] = "&gt;3" Then\nx = "-1"\n\nEnd If"</Process><Process ToolSource="c:\program files (x86)\arcgis\desktop10.3\ArcToolbox\Toolboxes\Data Management Tools.tbx\CalculateField" Date="20151122" Time="222908">CalculateField Ped_Line_Eng WIDTH_CALC x VB "dim x\n\nIf [WIDTH] = "&lt;1.5" Then\nx = "1"\nElseIf [WIDTH] = "&gt;1.5 | &lt;3" Then\nx = "0"\nElseIf [WIDTH] = "&gt;3" Then\nx = "-1"\n\nEnd If"</Process><Process ToolSource="c:\program files (x86)\arcgis\desktop10.3\ArcToolbox\Toolboxes\Data Management Tools.tbx\CalculateField" Date="20151122" Time="222916">CalculateField Ped_Line_Eng WIDTH_CALC x VB "dim x\n\nIf [WIDTH] = "&lt;1.5" Then\nx = "1"\nElseIf [WIDTH] = "&gt;1.5 | &lt;3" Then\nx = "0"\nElseIf [WIDTH] = "&gt;3" Then\nx = "-1"\n\nEnd If"</Process><Process ToolSource="c:\program files (x86)\arcgis\desktop10.3\ArcToolbox\Toolboxes\Data Management Tools.tbx\CalculateField" Date="20151122" Time="223650">CalculateField Ped_Line_Eng COMP_CALC x VB "dim x\n\nIf [COMPL] = "Y" Then\nx = "0"\nElseIf [COMPL] = "N" Then\nx = "1"\n\nEnd if"</Process><Process ToolSource="c:\program files (x86)\arcgis\desktop10.3\ArcToolbox\Toolboxes\Data Management Tools.tbx\CalculateField" Date="20151122" Time="223759">CalculateField Ped_Line_Eng COMP_CALC x VB "dim x\n\nIf [COMPL] = "Y" Then\nx = "0"\nElseIf [COMPL] = "N" Then\nx = "1"\n\nEnd if"</Process><Process ToolSource="c:\program files (x86)\arcgis\desktop10.3\ArcToolbox\Toolboxes\Data Management Tools.tbx\CalculateField" Date="20151122" Time="223807">CalculateField Ped_Line_Eng COMP_CALC x VB "dim x\n\nIf [COMPL] = "Y" Then\nx = "0"\nElseIf [COMPL] = "N" Then\nx = "1"\n\nEnd if"</Process><Process ToolSource="c:\program files (x86)\arcgis\desktop10.3\ArcToolbox\Toolboxes\Data Management Tools.tbx\CalculateField" Date="20151122" Time="223843">CalculateField Ped_Line_Eng SHUT_CALC x VB "dim x\n\nIf [SHUT_STOP] = "Y" Then\nx = "0"\nElseIf [SHUT_STOP] = "N" Then\nx = "1" \n\nEnd If\n"</Process><Process ToolSource="c:\program files (x86)\arcgis\desktop10.3\ArcToolbox\Toolboxes\Data Management Tools.tbx\CalculateField" Date="20151122" Time="223904">CalculateField Ped_Line_Eng SHUT_CALC x VB "dim x\n\nIf [SHUT_STOP] = "Y" Then\nx = "0"\nElseIf [SHUT_STOP] = "N" Then\nx = "1" \n\nEnd If\n"</Process><Process ToolSource="c:\program files (x86)\arcgis\desktop10.3\ArcToolbox\Toolboxes\Data Management Tools.tbx\CalculateField" Date="20151122" Time="224041">CalculateField Ped_Line_Eng CLEAN_CALC x VB "dim x\n\nIf [CLEAN] = "G" Then\nx = "0"\nElseIf [CLEAN] = "F" Then\nx = "1"\nElseIf [CLEAN] = "P" Then\nx = "3"\nElseIf [CLEAN] = "UR" Then\nx = "4"\n\nEnd If\n"</Process><Process ToolSource="c:\program files (x86)\arcgis\desktop10.3\ArcToolbox\Toolboxes\Data Management Tools.tbx\CalculateField" Date="20151122" Time="224136">CalculateField Ped_Line_Eng SHELT_CALC x VB "dim x \n\nIf [SHELTER] = "Y" Then\nx = "0"\nElseif [SHELTER] = "N" Then\nx = "1"\n\nEnd If"</Process><Process ToolSource="c:\program files (x86)\arcgis\desktop10.3\ArcToolbox\Toolboxes\Data Management Tools.tbx\CalculateField" Date="20151122" Time="224209">CalculateField Ped_Line_Eng BIN_CALC x VB "dim x\n\nIf [BIN] = "Y" Then\nx = "0"\nElseIf [BIN] = "N" Then\nx = "1"\n\nEnd If"</Process><Process ToolSource="c:\program files (x86)\arcgis\desktop10.3\ArcToolbox\Toolboxes\Data Management Tools.tbx\CalculateField" Date="20151122" Time="224329">CalculateField Ped_Line_Eng BENCHES_CALC x VB "dim x\n\nIf [BENCHES] = "Y" Then\nx = "0"\nElseIf [BENCHES] = "N" Then\nx = "1"\n\nEnd If"</Process><Process ToolSource="c:\program files (x86)\arcgis\desktop10.3\ArcToolbox\Toolboxes\Data Management Tools.tbx\CalculateField" Date="20151122" Time="224406">CalculateField Ped_Line_Eng TREE_CALC x VB "dim x\n\nIf [TREES] = "D" Then\nx = "-1"\nElseIf [TREES] = "S" Then\nx = "0"\nElseIf [TREES] = "VF" Then\nx = "1"\nElseIf [TREES] = "N" Then\nx = "2"\n\nEnd If"</Process><Process ToolSource="c:\program files (x86)\arcgis\desktop10.3\ArcToolbox\Toolboxes\Data Management Tools.tbx\CalculateField" Date="20151122" Time="224945">CalculateField Ped_Line_Eng COND_CALC x VB "dim x\n\nIf [CONDITION] = "G" Then\nx = "0"\nElseIf [CONDITION] = "F" Then\nx = "1"\nElseIf [CONDITION] = "P" Then\nx = "3"\nElseIf [CONDITION] = "UR" Then\nx = "4"\n\nEnd If"</Process><Process ToolSource="c:\program files (x86)\arcgis\desktop10.3\ArcToolbox\Toolboxes\Data Management Tools.tbx\CalculateField" Date="20151122" Time="231154">CalculateField Ped_Line_Eng CONN_CALC x VB "dim x\n\nIf [CONN] = "0" Then\nx = "2"\nElseIf [CONN] = "1" Then\nx = "1"\nElseIf [CONN] = "2" Then\nx = "1"\nElseIf [CONN] = "3" Then\nx = "0"\nElseIf [CONN] = "4" Then\nx = "0"\nElseIf [CONN] = "5" Then\nx = "-1"\nElseIf [CONN] = "6" Then\nx = "-1"\n\nEnd If"</Process><Process ToolSource="c:\program files (x86)\arcgis\desktop10.3\ArcToolbox\Toolboxes\Data Management Tools.tbx\CalculateField" Date="20151122" Time="231243">CalculateField Ped_Line_Eng CONN_CALC x VB "dim x\n\nIf [CONN] = "0" Then\nx = "2"\nElseIf [CONN] = "1" Then\nx = "1"\nElseIf [CONN] = "2" Then\nx = "1"\nElseIf [CONN] = "3" Then\nx = "0"\nElseIf [CONN] = "4" Then\nx = "0"\nElseIf [CONN] = "5" Then\nx = "-1"\nElseIf [CONN] = "6" Then\nx = "-1"\n\nEnd If"</Process><Process ToolSource="c:\program files (x86)\arcgis\desktop10.3\ArcToolbox\Toolboxes\Data Management Tools.tbx\CalculateField" Date="20151122" Time="231251">CalculateField Ped_Line_Eng CONN_CALC x VB "dim x\n\nIf [CONN] = "0" Then\nx = "2"\nElseIf [CONN] = "1" Then\nx = "1"\nElseIf [CONN] = "2" Then\nx = "1"\nElseIf [CONN] = "3" Then\nx = "0"\nElseIf [CONN] = "4" Then\nx = "0"\nElseIf [CONN] = "5" Then\nx = "-1"\nElseIf [CONN] = "6" Then\nx = "-1"\n\nEnd If"</Process><Process ToolSource="c:\program files (x86)\arcgis\desktop10.3\ArcToolbox\Toolboxes\Data Management Tools.tbx\CalculateField" Date="20151122" Time="232352">CalculateField Ped_Line_Eng CURB_CUT_CALC x VB "dim x\n\nIf [CURB_CUTS] = "0" Then\nx = "1"\nElseIf [CURB_CUTS] = "1" Then\nx = "0"\nElseIf [CURB_CUTS] = "2" Then\nx = "0"\nElseIf [CURB_CUTS] = "3" Then\nx = "-1"\nElseIf [CURB_CUTS] &gt; "3" Then\nx = "-2"\n\nEnd If"</Process><Process ToolSource="c:\program files (x86)\arcgis\desktop10.3\ArcToolbox\Toolboxes\Data Management Tools.tbx\CalculateField" Date="20151123" Time="233745">CalculateField Ped_Line_Eng TREE_CALC x VB "dim x\n\nIf [TREES] = "D" Then\nx = "0"\nElseIf [TREES] = "S" Then\nx = "0"\nElseIf [TREES] = "VF" Then\nx = "0.5"\nElseIf [TREES] = "N" Then\nx = "1"\n\nEnd If\n"</Process><Process ToolSource="c:\program files (x86)\arcgis\desktop10.3\ArcToolbox\Toolboxes\Data Management Tools.tbx\CalculateField" Date="20151124" Time="172342">CalculateField Ped_Line_Eng BUFFER_CALC x VB "dim x\n\nIf [BUF_PRES] = "YES" Then\nx = "1"\nElseIf [BUF_PRES] = "NO" Then\nx = "0"\n\nElse x = "N/A"\n\nEnd If\n"</Process><Process ToolSource="c:\program files (x86)\arcgis\desktop10.3\ArcToolbox\Toolboxes\Data Management Tools.tbx\CalculateField" Date="20151124" Time="172806">CalculateField Ped_Line_Eng TCD_CALC x VB "dim x\n\nIf [TCDPRES] = "YES" Then\nx = "0"\nElseIf [TCDPRES] = "NO" Then\nx = "1"\n\nElse x = "N/A"\n\nEnd If\n"</Process><Process ToolSource="c:\program files (x86)\arcgis\desktop10.3\ArcToolbox\Toolboxes\Data Management Tools.tbx\CalculateField" Date="20151124" Time="172911">CalculateField Ped_Line_Eng BUFFER_CALC x VB "dim x\n\nIf [BUF_PRES] = "YES" Then\nx = "0"\nElseIf [BUF_PRES] = "NO" Then\nx = "1"\n\nElse x = "N/A"\n\nEnd If\n\n"</Process><Process ToolSource="c:\program files (x86)\arcgis\desktop10.3\ArcToolbox\Toolboxes\Data Management Tools.tbx\CalculateField" Date="20151124" Time="173257">CalculateField Ped_Line_Eng OBS_CALC x VB "dim x\n\nIf [OBST_PRES] = "YES" Then\nx = "1"\nElseIf [OBST_PRES] = "NO" Then\nx = "0"\n\nEnd If\n\n"</Process><Process ToolSource="c:\program files (x86)\arcgis\desktop10.3\ArcToolbox\Toolboxes\Data Management Tools.tbx\CalculateField" Date="20151124" Time="173329">CalculateField Ped_Line_Eng OBS_CALC x VB "dim x\n\nIf [OBST_PRES] = "Y" Then\nx = "1"\nElseIf [OBST_PRES] = "N" Then\nx = "0"\n\nEnd If\n\n"</Process><Process ToolSource="c:\program files (x86)\arcgis\desktop10.3\ArcToolbox\Toolboxes\Data Management Tools.tbx\CalculateField" Date="20151124" Time="182510">CalculateField Ped_Line_Eng KERB_INT "[CURB_DIST_CALC] + [T_SPEED_CALC]" VB #</Process><Process ToolSource="c:\program files (x86)\arcgis\desktop10.3\ArcToolbox\Toolboxes\Data Management Tools.tbx\CalculateField" Date="20151124" Time="182628">CalculateField Ped_Line_Eng KERB_INT [KERB_INT]/10 VB #</Process><Process ToolSource="c:\program files (x86)\arcgis\desktop10.3\ArcToolbox\Toolboxes\Data Management Tools.tbx\CalculateField" Date="20151124" Time="184324">CalculateField Ped_Line_Eng KERB_NUM [CURB_DIST_CALC] VB #</Process><Process ToolSource="c:\program files (x86)\arcgis\desktop10.3\ArcToolbox\Toolboxes\Data Management Tools.tbx\CalculateField" Date="20151124" Time="190145">CalculateField Ped_Line_Eng SPD_RECAL [T_SPEED_CALC] VB #</Process><Process ToolSource="c:\program files (x86)\arcgis\desktop10.3\ArcToolbox\Toolboxes\Data Management Tools.tbx\CalculateField" Date="20151124" Time="190231">CalculateField Ped_Line_Eng BUF_REC [BUFFER_CALC] VB #</Process><Process ToolSource="c:\program files (x86)\arcgis\desktop10.3\ArcToolbox\Toolboxes\Data Management Tools.tbx\CalculateField" Date="20151124" Time="190317">CalculateField Ped_Line_Eng TCD_RECAL [TCD_CALC] VB #</Process><Process ToolSource="c:\program files (x86)\arcgis\desktop10.3\ArcToolbox\Toolboxes\Data Management Tools.tbx\CalculateField" Date="20151124" Time="190359">CalculateField Ped_Line_Eng SURV_RECAL [SURV_CALC] VB #</Process><Process ToolSource="c:\program files (x86)\arcgis\desktop10.3\ArcToolbox\Toolboxes\Data Management Tools.tbx\CalculateField" Date="20151124" Time="190414">CalculateField Ped_Line_Eng SPEED_NUM [T_SPEED_CALC] VB #</Process><Process ToolSource="c:\program files (x86)\arcgis\desktop10.3\ArcToolbox\Toolboxes\Data Management Tools.tbx\CalculateField" Date="20151124" Time="190533">CalculateField Ped_Line_Eng SPEED_NUM [T_SPEED_CALC] VB #</Process><Process ToolSource="c:\program files (x86)\arcgis\desktop10.3\ArcToolbox\Toolboxes\Data Management Tools.tbx\CalculateField" Date="20151124" Time="190646">CalculateField Ped_Line_Eng BUFF_NUM [BUFFER_CALC] VB #</Process><Process ToolSource="c:\program files (x86)\arcgis\desktop10.3\ArcToolbox\Toolboxes\Data Management Tools.tbx\CalculateField" Date="20151124" Time="190703">CalculateField Ped_Line_Eng TCD_NUM [TCD_CALC] VB #</Process><Process ToolSource="c:\program files (x86)\arcgis\desktop10.3\ArcToolbox\Toolboxes\Data Management Tools.tbx\CalculateField" Date="20151124" Time="190719">CalculateField Ped_Line_Eng LIGHT_NUM [LIGHT_CALC] VB #</Process><Process ToolSource="c:\program files (x86)\arcgis\desktop10.3\ArcToolbox\Toolboxes\Data Management Tools.tbx\CalculateField" Date="20151124" Time="190931">CalculateField Ped_Line_Eng SURV_NUM [SURV_CALC] VB #</Process><Process ToolSource="c:\program files (x86)\arcgis\desktop10.3\ArcToolbox\Toolboxes\Data Management Tools.tbx\CalculateField" Date="20151124" Time="191019">CalculateField Ped_Line_Eng MUST_NUM [MUST_CALC] VB #</Process><Process ToolSource="c:\program files (x86)\arcgis\desktop10.3\ArcToolbox\Toolboxes\Data Management Tools.tbx\CalculateField" Date="20151124" Time="191029">CalculateField Ped_Line_Eng EPHONE_NUM [E_PHONE_CALC] VB #</Process><Process ToolSource="c:\program files (x86)\arcgis\desktop10.3\ArcToolbox\Toolboxes\Data Management Tools.tbx\CalculateField" Date="20151124" Time="191040">CalculateField Ped_Line_Eng WFIND_NUM [WAY_CALC] VB #</Process><Process ToolSource="c:\program files (x86)\arcgis\desktop10.3\ArcToolbox\Toolboxes\Data Management Tools.tbx\CalculateField" Date="20151124" Time="191055">CalculateField Ped_Line_Eng GRAD_NUM [GRAD_CALC] VB #</Process><Process ToolSource="c:\program files (x86)\arcgis\desktop10.3\ArcToolbox\Toolboxes\Data Management Tools.tbx\CalculateField" Date="20151124" Time="191116">CalculateField Ped_Line_Eng MAT_NUM [MAT_CALC] VB #</Process><Process ToolSource="c:\program files (x86)\arcgis\desktop10.3\ArcToolbox\Toolboxes\Data Management Tools.tbx\CalculateField" Date="20151124" Time="191143">CalculateField Ped_Line_Eng KERB_CUT_NUM [CURB_CUT_CALC] VB #</Process><Process ToolSource="c:\program files (x86)\arcgis\desktop10.3\ArcToolbox\Toolboxes\Data Management Tools.tbx\CalculateField" Date="20151124" Time="191211">CalculateField Ped_Line_Eng WID_NUM "[WIDTH_CALC] " VB #</Process><Process ToolSource="c:\program files (x86)\arcgis\desktop10.3\ArcToolbox\Toolboxes\Data Management Tools.tbx\CalculateField" Date="20151124" Time="191223">CalculateField Ped_Line_Eng OBS_NUM [OBS_CALC] VB #</Process><Process ToolSource="c:\program files (x86)\arcgis\desktop10.3\ArcToolbox\Toolboxes\Data Management Tools.tbx\CalculateField" Date="20151124" Time="191241">CalculateField Ped_Line_Eng COMP_NUM [COMP_CALC] VB #</Process><Process ToolSource="c:\program files (x86)\arcgis\desktop10.3\ArcToolbox\Toolboxes\Data Management Tools.tbx\CalculateField" Date="20151124" Time="191300">CalculateField Ped_Line_Eng CONN_NUM [CONN_CALC] VB #</Process><Process ToolSource="c:\program files (x86)\arcgis\desktop10.3\ArcToolbox\Toolboxes\Data Management Tools.tbx\CalculateField" Date="20151124" Time="191315">CalculateField Ped_Line_Eng SHUT_NUM [SHUT_CALC] VB #</Process><Process ToolSource="c:\program files (x86)\arcgis\desktop10.3\ArcToolbox\Toolboxes\Data Management Tools.tbx\CalculateField" Date="20151124" Time="191338">CalculateField Ped_Line_Eng CLEAN_NUM [CLEAN_CALC] VB #</Process><Process ToolSource="c:\program files (x86)\arcgis\desktop10.3\ArcToolbox\Toolboxes\Data Management Tools.tbx\CalculateField" Date="20151124" Time="191358">CalculateField Ped_Line_Eng SHELT_NUM [SHELT_CALC] VB #</Process><Process ToolSource="c:\program files (x86)\arcgis\desktop10.3\ArcToolbox\Toolboxes\Data Management Tools.tbx\CalculateField" Date="20151124" Time="191419">CalculateField Ped_Line_Eng BINS_NUM [BIN_CALC] VB #</Process><Process ToolSource="c:\program files (x86)\arcgis\desktop10.3\ArcToolbox\Toolboxes\Data Management Tools.tbx\CalculateField" Date="20151124" Time="191431">CalculateField Ped_Line_Eng BENCH_NUM [BENCHES_CALC] VB #</Process><Process ToolSource="c:\program files (x86)\arcgis\desktop10.3\ArcToolbox\Toolboxes\Data Management Tools.tbx\CalculateField" Date="20151124" Time="191442">CalculateField Ped_Line_Eng TREE_NUM [TREE_CALC] VB #</Process><Process ToolSource="c:\program files (x86)\arcgis\desktop10.3\ArcToolbox\Toolboxes\Data Management Tools.tbx\CalculateField" Date="20151124" Time="191559">CalculateField Ped_Line_Eng TREE_NUM x VB "dim x\n\nIf [TREES] = "D" Then\nx = "0"\nElseIf [TREES] = "S" Then\nx = "0"\nElseIf [TREES] = "VF" Then\nx = "0.5"\nElseIf [TREES] = "N" Then\nx = "1"\n\nEnd If\n\n"</Process><Process ToolSource="c:\program files (x86)\arcgis\desktop10.3\ArcToolbox\Toolboxes\Data Management Tools.tbx\CalculateField" Date="20151124" Time="191630">CalculateField Ped_Line_Eng TREE_CALC x VB "dim x\n\nIf [TREES] = "D" Then\nx = "0"\nElseIf [TREES] = "S" Then\nx = "0"\nElseIf [TREES] = "VF" Then\nx = "0.5"\nElseIf [TREES] = "N" Then\nx = "1"\n\nEnd If\n\n"</Process><Process ToolSource="c:\program files (x86)\arcgis\desktop10.3\ArcToolbox\Toolboxes\Data Management Tools.tbx\CalculateField" Date="20151124" Time="191656">CalculateField Ped_Line_Eng COND_NUM x VB "dim x\n\nIf [CONDITION] = "G" Then\nx = "0"\nElseIf [CONDITION] = "F" Then\nx = "1"\nElseIf [CONDITION] = "P" Then\nx = "3"\nElseIf [CONDITION] = "UR" Then\nx = "4"\n\nEnd If\n"</Process><Process ToolSource="c:\program files (x86)\arcgis\desktop10.3\ArcToolbox\Toolboxes\Data Management Tools.tbx\CalculateField" Date="20151124" Time="203721">CalculateField Ped_Line_Eng SAFETY "[KERB_CUT_NUM] + [MAT_NUM] + [GRAD_NUM]" VB #</Process><Process ToolSource="c:\program files (x86)\arcgis\desktop10.3\ArcToolbox\Toolboxes\Data Management Tools.tbx\CalculateField" Date="20151124" Time="204031">CalculateField Ped_Line_Eng SAFETY "[KERB_NUM] + [SPEED_NUM] +  [BUFF_NUM] + [TCD_NUM] + [LIGHT_NUM] + [SURV_NUM] + [MUST_NUM] + [EPHONE_NUM]" VB #</Process><Process ToolSource="c:\program files (x86)\arcgis\desktop10.3\ArcToolbox\Toolboxes\Data Management Tools.tbx\CalculateField" Date="20151124" Time="204320">CalculateField Ped_Line_Eng SAFETY "[KERB_NUM] + [SPEED_NUM] +  [BUFF_NUM] + [TCD_NUM] + [LIGHT_NUM] + [SURV_NUM] + [MUST_NUM] + [EPHONE_NUM]" VB #</Process><Process ToolSource="c:\program files (x86)\arcgis\desktop10.3\ArcToolbox\Toolboxes\Data Management Tools.tbx\CalculateField" Date="20151124" Time="205247">CalculateField Ped_Line_Eng SAFETY "[KERB_NUM] + [SPEED_NUM] +  [BUFF_NUM] + [TCD_NUM] + [LIGHT_NUM] + [SURV_NUM] + [MUST_NUM] + [EPHONE_NUM]" VB #</Process><Process ToolSource="c:\program files (x86)\arcgis\desktop10.3\ArcToolbox\Toolboxes\Data Management Tools.tbx\CalculateField" Date="20151124" Time="205528">CalculateField Ped_Line_Eng SAFETY "[KERB_NUM] + [SPEED_NUM] +  [BUFF_NUM] + [TCD_NUM] + [LIGHT_NUM] + [SURV_NUM] + [MUST_NUM] + [EPHONE_NUM]" VB #</Process><Process ToolSource="c:\program files (x86)\arcgis\desktop10.3\ArcToolbox\Toolboxes\Data Management Tools.tbx\CalculateField" Date="20151124" Time="205718">CalculateField Ped_Line_Eng SAFETY "[KERB_NUM] + [SPEED_NUM] +  [BUFF_NUM] + [TCD_NUM] + [LIGHT_NUM] + [SURV_NUM] + [MUST_NUM] + [EPHONE_NUM]" VB #</Process><Process ToolSource="c:\program files (x86)\arcgis\desktop10.3\ArcToolbox\Toolboxes\Data Management Tools.tbx\CalculateField" Date="20151124" Time="205855">CalculateField Ped_Line_Eng SAFETY "[LIGHT_NUM] + [SURV_NUM] + [MUST_NUM] + [EPHONE_NUM]" VB #</Process><Process ToolSource="c:\program files (x86)\arcgis\desktop10.3\ArcToolbox\Toolboxes\Data Management Tools.tbx\CalculateField" Date="20151124" Time="210128">CalculateField Ped_Line_Eng FUNC "[WFIND_NUM] + [GRAD_NUM] + [MAT_NUM] + [KERB_CUT_NUM] + [WID_NUM] + [OBS_NUM] + [COMP_NUM]" VB #</Process><Process ToolSource="c:\program files (x86)\arcgis\desktop10.3\ArcToolbox\Toolboxes\Data Management Tools.tbx\CalculateField" Date="20151124" Time="210536">CalculateField Ped_Line_Eng FUNC "[WFIND_NUM] + [GRAD_NUM] + [MAT_NUM] + [KERB_CUT_NUM] + [WID_NUM] + [OBS_NUM] + [COMP_NUM]" VB #</Process><Process ToolSource="c:\program files (x86)\arcgis\desktop10.3\ArcToolbox\Toolboxes\Data Management Tools.tbx\CalculateField" Date="20151124" Time="210703">CalculateField Ped_Line_Eng CON "[CONN_NUM] + [SHUT_NUM]" VB #</Process><Process ToolSource="c:\program files (x86)\arcgis\desktop10.3\ArcToolbox\Toolboxes\Data Management Tools.tbx\CalculateField" Date="20151124" Time="210845">CalculateField Ped_Line_Eng AEST "[COND_NUM] + [TREE_NUM] + [BENCH_NUM] + [BINS_NUM] + [SHELT_NUM] + [CLEAN_NUM] " VB #</Process><Process ToolSource="c:\program files (x86)\arcgis\desktop10.3\ArcToolbox\Toolboxes\Data Management Tools.tbx\CalculateField" Date="20151124" Time="230821">CalculateField Ped_Line_Eng PER_SCORE "[LIGHT_NUM] + [SURV_NUM] + [MUST_NUM] + [EPHONE_NUM]" VB #</Process><Process ToolSource="c:\program files (x86)\arcgis\desktop10.3\ArcToolbox\Toolboxes\Data Management Tools.tbx\CalculateField" Date="20151124" Time="230905">CalculateField Ped_Line_Eng UNI_SCORE "[WFIND_NUM]+ [GRAD_NUM]+ [MAT_NUM]+ [KERB_CUT_NUM]+ [WID_NUM]" VB #</Process><Process ToolSource="c:\program files (x86)\arcgis\desktop10.3\ArcToolbox\Toolboxes\Data Management Tools.tbx\CalculateField" Date="20151124" Time="230923">CalculateField Ped_Line_Eng CON_SCO "[OBS_NUM]+ [COMP_NUM]" VB #</Process><Process ToolSource="c:\program files (x86)\arcgis\desktop10.3\ArcToolbox\Toolboxes\Data Management Tools.tbx\CalculateField" Date="20151124" Time="230950">CalculateField Ped_Line_Eng FAC_SCORE "[CONN_CALC]+ [SHUT_CALC]" VB #</Process><Process ToolSource="c:\program files (x86)\arcgis\desktop10.3\ArcToolbox\Toolboxes\Data Management Tools.tbx\CalculateField" Date="20151124" Time="231024">CalculateField Ped_Line_Eng FAC_SCORE "[CONN_NUM] + [SHUT_NUM]" VB #</Process><Process ToolSource="c:\program files (x86)\arcgis\desktop10.3\ArcToolbox\Toolboxes\Data Management Tools.tbx\CalculateField" Date="20151124" Time="231211">CalculateField Ped_Line_Eng COM_SCORE "[CLEAN_NUM]+ [SHELT_NUM]+ [BINS_NUM]+ [BENCH_NUM]+ [TREE_NUM]+ [COND_NUM]" VB #</Process><Process ToolSource="c:\program files (x86)\arcgis\desktop10.3\ArcToolbox\Toolboxes\Data Management Tools.tbx\CalculateField" Date="20151124" Time="231326">CalculateField Ped_Line_Eng TRAF_SCORE "[KERB_NUM]+ [SPEED_NUM]+ [BUFF_NUM]+ [TCD_NUM]" VB #</Process><Process ToolSource="c:\program files (x86)\arcgis\desktop10.3\ArcToolbox\Toolboxes\Data Management Tools.tbx\CalculateField" Date="20151124" Time="233116">CalculateField Ped_Line_Eng CON_SCORE ([UNI_SCORE]+ [CON_SCO])*0.5 VB #</Process><Process ToolSource="c:\program files (x86)\arcgis\desktop10.3\ArcToolbox\Toolboxes\Data Management Tools.tbx\CalculateField" Date="20151124" Time="233241">CalculateField Ped_Line_Eng DEST_SCORE ( [FAC_SCORE] )*1.6667 VB #</Process><Process ToolSource="c:\program files (x86)\arcgis\desktop10.3\ArcToolbox\Toolboxes\Data Management Tools.tbx\CalculateField" Date="20151124" Time="233439">CalculateField Ped_Line_Eng AES_SCORE ([COM_SCORE])*0.41667 VB #</Process><Process ToolSource="c:\program files (x86)\arcgis\desktop10.3\ArcToolbox\Toolboxes\Data Management Tools.tbx\CalculateField" Date="20151124" Time="233802">CalculateField Ped_Line_Eng SAFETY ([TRAF_SCORE] + [PER_SCORE])*0.55556 VB #</Process><Process ToolSource="c:\program files (x86)\arcgis\desktop10.3\ArcToolbox\Toolboxes\Data Management Tools.tbx\CalculateField" Date="20151124" Time="233818">CalculateField Ped_Line_Eng SAFE_TRAF ([TRAF_SCORE] + [PER_SCORE])*0.55556 VB #</Process><Process ToolSource="c:\program files (x86)\arcgis\desktop10.3\ArcToolbox\Toolboxes\Data Management Tools.tbx\CalculateField" Date="20151124" Time="233843">CalculateField Ped_Line_Eng SAFETY ([PER_SCORE])*1.25 VB #</Process><Process ToolSource="c:\program files (x86)\arcgis\desktop10.3\ArcToolbox\Toolboxes\Data Management Tools.tbx\CalculateField" Date="20151124" Time="234001">CalculateField Ped_Line_Eng SAFE_TRAF ([PER_SCORE] + [TRAF_SCORE] )*0.5556 VB #</Process><Process ToolSource="c:\program files (x86)\arcgis\desktop10.3\ArcToolbox\Toolboxes\Data Management Tools.tbx\CalculateField" Date="20151124" Time="234039">CalculateField Ped_Line_Eng SAFETY ([PER_SCORE])*1.25 VB #</Process><Process ToolSource="c:\program files (x86)\arcgis\desktop10.3\ArcToolbox\Toolboxes\Data Management Tools.tbx\CalculateField" Date="20151124" Time="234413">CalculateField Ped_Line_Eng WALK_SCORE ([SAFETY]+ [CON_SCORE]+ [DEST_SCORE]+ [AES_SCORE])/4 VB #</Process><Process ToolSource="c:\program files (x86)\arcgis\desktop10.3\ArcToolbox\Toolboxes\Data Management Tools.tbx\CalculateField" Date="20151124" Time="234706">CalculateField Ped_Line_Eng WALK_TSCORE ( [WALK_TSCORE] + [CON_SCORE]+ [DEST_SCORE]+ [AES_SCORE])/4 VB #</Process><Process ToolSource="c:\program files (x86)\arcgis\desktop10.3\ArcToolbox\Toolboxes\Data Management Tools.tbx\CalculateField" Date="20151124" Time="234730">CalculateField Ped_Line_Eng WALK_TSCORE ([WALK_TSCORE] + [CON_SCORE]+ [DEST_SCORE]+ [AES_SCORE])/4 VB #</Process><Process ToolSource="c:\program files (x86)\arcgis\desktop10.3\ArcToolbox\Toolboxes\Data Management Tools.tbx\CalculateField" Date="20151124" Time="234800">CalculateField Ped_Line_Eng WALK_TSCORE ([WALK_TSCORE] + [CON_SCORE]+ [DEST_SCORE]+ [AES_SCORE]) VB #</Process><Process ToolSource="c:\program files (x86)\arcgis\desktop10.3\ArcToolbox\Toolboxes\Data Management Tools.tbx\CalculateField" Date="20151124" Time="234918">CalculateField Ped_Line_Eng WALK_TSCORE ( [SAFE_TRAF] + [CON_SCORE]+ [DEST_SCORE]+ [AES_SCORE]) VB #</Process><Process ToolSource="c:\program files (x86)\arcgis\desktop10.3\ArcToolbox\Toolboxes\Data Management Tools.tbx\CalculateField" Date="20151124" Time="234943">CalculateField Ped_Line_Eng WALK_TSCORE ( [SAFE_TRAF] + [CON_SCORE]+ [DEST_SCORE]+ [AES_SCORE])/4 VB #</Process><Process ToolSource="c:\program files (x86)\arcgis\desktop10.3\ArcToolbox\Toolboxes\Data Management Tools.tbx\CalculateField" Date="20151124" Time="234959">CalculateField Ped_Line_Eng WALK_SCORE [WALK_TSCORE] VB #</Process><Process ToolSource="c:\program files (x86)\arcgis\desktop10.3\ArcToolbox\Toolboxes\Data Management Tools.tbx\CalculateField" Date="20151126" Time="101200">CalculateField Ped_Line_Eng SPEED_NUM x VB "dim x\n\nIf [T_SPEED] = "10" Then\nx = "0"\nElseIf [T_SPEED] = "30" Then\nx = "1"\nElseIf [T_SPEED] = "OTHER" Then\nx = "OTHER"\nElse x = "N/A"\n\nEnd If\n"</Process><Process ToolSource="c:\program files (x86)\arcgis\desktop10.3\ArcToolbox\Toolboxes\Data Management Tools.tbx\CalculateField" Date="20151126" Time="101252">CalculateField Ped_Line_Eng TRAF_SCORE "[KERB_NUM]+ [SPEED_NUM]+ [BUFF_NUM]+ [TCD_NUM]" VB #</Process><Process ToolSource="c:\program files (x86)\arcgis\desktop10.3\ArcToolbox\Toolboxes\Data Management Tools.tbx\CalculateField" Date="20151126" Time="102515">CalculateField Ped_Line_Eng SAFE_TRAF "([TRAF_SCORE]+ [PER_SCORE]) * 0.55556" VB #</Process><Process ToolSource="c:\program files (x86)\arcgis\desktop10.3\ArcToolbox\Toolboxes\Data Management Tools.tbx\CalculateField" Date="20151126" Time="102725">CalculateField Ped_Line_Eng WALK_TSCORE "[SAFE_TRAF]+ [AES_SCORE]+ [DEST_SCORE]+ [CON_SCORE]" VB #</Process><Process ToolSource="c:\program files (x86)\arcgis\desktop10.3\ArcToolbox\Toolboxes\Data Management Tools.tbx\CalculateField" Date="20151126" Time="103035">CalculateField Ped_Line_Eng SAFE_TRAF ([PER_SCORE] + [TRAF_SCORE])*0.55556 VB #</Process><Process ToolSource="c:\program files (x86)\arcgis\desktop10.3\ArcToolbox\Toolboxes\Data Management Tools.tbx\CalculateField" Date="20151126" Time="103118">CalculateField Ped_Line_Eng WALK_TSCORE "[SAFE_TRAF]+ [AES_SCORE]+ [DEST_SCORE]+ [CON_SCORE]" VB #</Process><Process ToolSource="c:\program files (x86)\arcgis\desktop10.3\ArcToolbox\Toolboxes\Data Management Tools.tbx\CalculateField" Date="20151126" Time="103538">CalculateField Ped_Line_Eng SAFE_TRAF ([TRAF_SCORE] + [PER_SCORE])*(20/36) VB #</Process><Process ToolSource="c:\program files (x86)\arcgis\desktop10.3\ArcToolbox\Toolboxes\Data Management Tools.tbx\CalculateField" Date="20151126" Time="103609">CalculateField Ped_Line_Eng WALK_TSCORE "[SAFE_TRAF]+ [AES_SCORE]+ [DEST_SCORE]+ [CON_SCORE]" VB #</Process><Process ToolSource="c:\program files (x86)\arcgis\desktop10.3\ArcToolbox\Toolboxes\Data Management Tools.tbx\CalculateField" Date="20151126" Time="103718">CalculateField Ped_Line_Eng CON_SCORE ([UNI_SCORE]+ [CON_SCO])*(18/36) VB #</Process><Process ToolSource="c:\program files (x86)\arcgis\desktop10.3\ArcToolbox\Toolboxes\Data Management Tools.tbx\CalculateField" Date="20151126" Time="103825">CalculateField Ped_Line_Eng DEST_SCORE ([FAC_SCORE])*(60/36) VB #</Process><Process ToolSource="c:\program files (x86)\arcgis\desktop10.3\ArcToolbox\Toolboxes\Data Management Tools.tbx\CalculateField" Date="20151126" Time="103916">CalculateField Ped_Line_Eng AES_SCORE ([COM_SCORE])*(15/36) VB #</Process><Process ToolSource="c:\program files (x86)\arcgis\desktop10.3\ArcToolbox\Toolboxes\Data Management Tools.tbx\CalculateField" Date="20151126" Time="103944">CalculateField Ped_Line_Eng WALK_TSCORE "[SAFE_TRAF]+ [AES_SCORE]+ [DEST_SCORE]+ [CON_SCORE]" VB #</Process><Process ToolSource="c:\program files (x86)\arcgis\desktop10.3\ArcToolbox\Toolboxes\Data Management Tools.tbx\CalculateField" Date="20151126" Time="104154">CalculateField Ped_Line_Eng WALK_SCORE "[SAFETY] + [AES_SCORE]+ [DEST_SCORE]+ [CON_SCORE]" VB #</Process><Process ToolSource="c:\program files (x86)\arcgis\desktop10.3\ArcToolbox\Toolboxes\Data Management Tools.tbx\CalculateField" Date="20151126" Time="104439">CalculateField Ped_Line_Eng SAFE_TRAF ([TRAF_SCORE]+ [PER_SCORE])*(20/36) VB #</Process><Process ToolSource="c:\program files (x86)\arcgis\desktop10.3\ArcToolbox\Toolboxes\Data Management Tools.tbx\CalculateField" Date="20151126" Time="104637">CalculateField Ped_Line_Eng SAFETY ([PER_SCORE])*(45/36) VB #</Process><Process ToolSource="c:\program files (x86)\arcgis\desktop10.3\ArcToolbox\Toolboxes\Data Management Tools.tbx\CalculateField" Date="20151126" Time="104903">CalculateField Ped_Line_Eng DEST_SCORE ([FAC_SCORE])*(60/36) VB #</Process><Process ToolSource="c:\program files (x86)\arcgis\desktop10.3\ArcToolbox\Toolboxes\Data Management Tools.tbx\CalculateField" Date="20151126" Time="104954">CalculateField Ped_Line_Eng AES_SCORE ( [COM_SCORE] )*(15/36) VB #</Process><Process ToolSource="c:\program files (x86)\arcgis\desktop10.3\ArcToolbox\Toolboxes\Data Management Tools.tbx\CalculateField" Date="20151126" Time="105112">CalculateField Ped_Line_Eng WALK_TSCORE ([SAFE_TRAF]+ [AES_SCORE]+ [DEST_SCORE]+ [CON_SCORE])/4 VB #</Process><Process ToolSource="c:\program files (x86)\arcgis\desktop10.3\ArcToolbox\Toolboxes\Data Management Tools.tbx\CalculateField" Date="20151126" Time="105157">CalculateField Ped_Line_Eng WALK_SCORE ( [SAFETY] + [AES_SCORE]+ [DEST_SCORE]+ [CON_SCORE])/4 VB #</Process><Process ToolSource="c:\program files (x86)\arcgis\desktop10.3\ArcToolbox\Toolboxes\Data Management Tools.tbx\CalculateField" Date="20151126" Time="105250">CalculateField Ped_Line_Eng WALK_SCORE [WALK_TSCORE] VB #</Process><Process ToolSource="c:\program files (x86)\arcgis\desktop10.3\ArcToolbox\Toolboxes\Data Management Tools.tbx\CalculateField" Date="20151126" Time="151612">CalculateField Ped_Line_Eng SAFETY [SAFE_TRAF] VB #</Process><Process ToolSource="c:\program files (x86)\arcgis\desktop10.3\ArcToolbox\Toolboxes\Data Management Tools.tbx\CalculateField" Date="20151126" Time="154926">CalculateField Ped_Line_Eng KERB_CUT_NUM x VB "dim x\n\nIf [CURB_CUTS] = "0" Then\nx = "1"\nElseIf [CURB_CUTS] = "1" Then\nx = "0.5"\nElse x = "0"\n\nEnd If"</Process><Process ToolSource="c:\program files (x86)\arcgis\desktop10.3\ArcToolbox\Toolboxes\Data Management Tools.tbx\CalculateField" Date="20151126" Time="155011">CalculateField Ped_Line_Eng WID_NUM x VB "dim x\n\nIf [WIDTH] = "&lt;1.5" Then\nx = "1"\nElseIf [WIDTH] = "&gt;1.5 | &lt;3" Then\nx = "0"\nElseIf [WIDTH] = "&gt;3" Then\nx = "0"\n\nEnd If\n"</Process><Process ToolSource="c:\program files (x86)\arcgis\desktop10.3\ArcToolbox\Toolboxes\Data Management Tools.tbx\CalculateField" Date="20151126" Time="155136">CalculateField Ped_Line_Eng CONN_NUM x VB "dim x\n\nIf [CONN] = "0" Then\nx = "2"\nElseIf [CONN] = "1" Then\nx = "1"\nElseIf [CONN] = "2" Then\nx = "0.5"\nElse x = "0"\n\nEnd If\n"</Process><Process ToolSource="c:\program files (x86)\arcgis\desktop10.3\ArcToolbox\Toolboxes\Data Management Tools.tbx\CalculateField" Date="20151126" Time="155252">CalculateField Ped_Line_Eng UNI_SCORE "[WFIND_NUM]+ [GRAD_NUM]+ [MAT_NUM]+ [KERB_CUT_NUM]+ [WID_NUM]" VB #</Process><Process ToolSource="c:\program files (x86)\arcgis\desktop10.3\ArcToolbox\Toolboxes\Data Management Tools.tbx\CalculateField" Date="20151126" Time="155324">CalculateField Ped_Line_Eng FAC_SCORE "[CONN_NUM]+ [SHUT_NUM]" VB #</Process><Process ToolSource="c:\program files (x86)\arcgis\desktop10.3\ArcToolbox\Toolboxes\Data Management Tools.tbx\CalculateField" Date="20151126" Time="155457">CalculateField Ped_Line_Eng CON_SCORE ([UNI_SCORE]+ [CON_SCO])*0.5 VB #</Process><Process ToolSource="c:\program files (x86)\arcgis\desktop10.3\ArcToolbox\Toolboxes\Data Management Tools.tbx\CalculateField" Date="20151126" Time="155526">CalculateField Ped_Line_Eng CON_SCORE ([UNI_SCORE]+ [CON_SCO])*(18/36) VB #</Process><Process ToolSource="c:\program files (x86)\arcgis\desktop10.3\ArcToolbox\Toolboxes\Data Management Tools.tbx\CalculateField" Date="20151126" Time="155623">CalculateField Ped_Line_Eng DEST_SCORE ([FAC_SCORE])*(60/36) VB #</Process><Process ToolSource="c:\program files (x86)\arcgis\desktop10.3\ArcToolbox\Toolboxes\Data Management Tools.tbx\CalculateField" Date="20151126" Time="155725">CalculateField Ped_Line_Eng WALK_SCORE ([SAFETY]+ [CON_SCORE]+ [DEST_SCORE]+ [AES_SCORE])/4 VB #</Process><Process ToolSource="c:\program files (x86)\arcgis\desktop10.3\ArcToolbox\Toolboxes\Data Management Tools.tbx\CalculateField" Date="20151129" Time="194306">CalculateField Ped_Line_Eng CON_SCORE ([UNI_SCORE]+[CON_SCO]*(1/2)) VB #</Process><Process ToolSource="c:\program files (x86)\arcgis\desktop10.3\ArcToolbox\Toolboxes\Data Management Tools.tbx\CalculateField" Date="20151129" Time="194348">CalculateField Ped_Line_Eng CON_SCORE ([UNI_SCORE]+[CON_SCO]*(1/2)) VB #</Process><Process ToolSource="c:\program files (x86)\arcgis\desktop10.3\ArcToolbox\Toolboxes\Data Management Tools.tbx\CalculateField" Date="20151129" Time="194437">CalculateField Ped_Line_Eng CON_SCORE [UNI_SCORE]+[CON_SCO]*(1/2) VB #</Process><Process ToolSource="c:\program files (x86)\arcgis\desktop10.3\ArcToolbox\Toolboxes\Data Management Tools.tbx\CalculateField" Date="20151129" Time="194449">CalculateField Ped_Line_Eng CON_SCORE [UNI_SCORE]+[CON_SCO]*1/2 VB #</Process><Process ToolSource="c:\program files (x86)\arcgis\desktop10.3\ArcToolbox\Toolboxes\Data Management Tools.tbx\CalculateField" Date="20151129" Time="194459">CalculateField Ped_Line_Eng CON_SCORE [UNI_SCORE]+[CON_SCO]*0.5 VB #</Process><Process ToolSource="c:\program files (x86)\arcgis\desktop10.3\ArcToolbox\Toolboxes\Data Management Tools.tbx\CalculateField" Date="20151129" Time="195142">CalculateField Ped_Line_Eng CON_SCORE [UNI_SCORE]+[CON_SCO]/0.5 VB #</Process><Process ToolSource="c:\program files (x86)\arcgis\desktop10.3\ArcToolbox\Toolboxes\Data Management Tools.tbx\CalculateField" Date="20151129" Time="195151">CalculateField Ped_Line_Eng CON_SCORE [UNI_SCORE]+[CON_SCO] VB #</Process><Process ToolSource="c:\program files (x86)\arcgis\desktop10.3\ArcToolbox\Toolboxes\Data Management Tools.tbx\CalculateField" Date="20151129" Time="195210">CalculateField Ped_Line_Eng CON_SCORE ([UNI_SCORE]+[CON_SCO])/2 VB #</Process><Process ToolSource="c:\program files (x86)\arcgis\desktop10.3\ArcToolbox\Toolboxes\Data Management Tools.tbx\CalculateField" Date="20151129" Time="195222">CalculateField Ped_Line_Eng CON_SCORE ([UNI_SCORE]+[CON_SCO])*1/2 VB #</Process><Process ToolSource="c:\program files (x86)\arcgis\desktop10.3\ArcToolbox\Toolboxes\Data Management Tools.tbx\CalculateField" Date="20151129" Time="195245">CalculateField Ped_Line_Eng CON_SCORE ([UNI_SCORE]+[CON_SCO])*1/2 VB #</Process><Process ToolSource="c:\program files (x86)\arcgis\desktop10.3\ArcToolbox\Toolboxes\Data Management Tools.tbx\CalculateField" Date="20151129" Time="195309">CalculateField Ped_Line_Eng CON_SCORE ([UNI_SCORE]+[CON_SCO])*1/2 VB #</Process><Process ToolSource="c:\program files (x86)\arcgis\desktop10.3\ArcToolbox\Toolboxes\Data Management Tools.tbx\CalculateField" Date="20151129" Time="200802">CalculateField Ped_Line_Eng SAFE_TRAF [TRAF_SCORE]+[PER_SCORE]*5/9 VB #</Process><Process ToolSource="c:\program files (x86)\arcgis\desktop10.3\ArcToolbox\Toolboxes\Data Management Tools.tbx\CalculateField" Date="20151129" Time="200821">CalculateField Ped_Line_Eng SAFE_TRAF [TRAF_SCORE]+[PER_SCORE]*(5/9) VB #</Process><Process ToolSource="c:\program files (x86)\arcgis\desktop10.3\ArcToolbox\Toolboxes\Data Management Tools.tbx\CalculateField" Date="20151129" Time="201015">CalculateField Ped_Line_Eng SAFE_TRAF [PER_SCORE]*(45/36) VB #</Process><Process ToolSource="c:\program files (x86)\arcgis\desktop10.3\ArcToolbox\Toolboxes\Data Management Tools.tbx\CalculateField" Date="20151129" Time="201033">CalculateField Ped_Line_Eng SAFE_TRAF [PER_SCORE]*45/36 VB #</Process><Process ToolSource="c:\program files (x86)\arcgis\desktop10.3\ArcToolbox\Toolboxes\Data Management Tools.tbx\CalculateField" Date="20151129" Time="201056">CalculateField Ped_Line_Eng SAFE_TRAF [PER_SCORE]*45/36 VB #</Process><Process ToolSource="c:\program files (x86)\arcgis\desktop10.3\ArcToolbox\Toolboxes\Data Management Tools.tbx\CalculateField" Date="20151129" Time="201238">CalculateField Ped_Line_Eng SAFETY [PER_SCORE]*45/36 VB #</Process><Process ToolSource="c:\program files (x86)\arcgis\desktop10.3\ArcToolbox\Toolboxes\Data Management Tools.tbx\CalculateField" Date="20151129" Time="201251">CalculateField Ped_Line_Eng SAFETY [PER_SCORE]*45/36 VB #</Process><Process ToolSource="c:\program files (x86)\arcgis\desktop10.3\ArcToolbox\Toolboxes\Data Management Tools.tbx\CalculateField" Date="20151129" Time="201304">CalculateField Ped_Line_Eng SAFETY [PER_SCORE]*45/36 VB #</Process><Process ToolSource="c:\program files (x86)\arcgis\desktop10.3\ArcToolbox\Toolboxes\Data Management Tools.tbx\CalculateField" Date="20151129" Time="201608">CalculateField Ped_Line_Eng SAFETY [PER_SCORE]*45/36 VB #</Process><Process ToolSource="c:\program files (x86)\arcgis\desktop10.3\ArcToolbox\Toolboxes\Data Management Tools.tbx\CalculateField" Date="20151129" Time="202021">CalculateField Ped_Line_Eng PED_DB [PED_TYPE] VB #</Process><Process ToolSource="c:\program files (x86)\arcgis\desktop10.3\ArcToolbox\Toolboxes\Data Management Tools.tbx\CalculateField" Date="20151129" Time="202856">CalculateField Ped_Line_Eng PED_NAME x VB "dim x\n\nIf [PED_TYPE] = "2" Then\nx = "SIDEWALK"\nElseIf [PED_TYPE] = "4" Then\nx = "CROSSWALK"\nElseIf [PED_TYPE] = "5" Then\nx = "MISSING CONNECTION"\nElseIf [PED_TYPE] = "6" Then\nx = "PEDESTRIAN STREET"\n\nEnd If"</Process><Process ToolSource="c:\program files (x86)\arcgis\desktop10.3\ArcToolbox\Toolboxes\Data Management Tools.tbx\CalculateField" Date="20151129" Time="203110">CalculateField Ped_Line_Eng SAFETY x VB "dim x\n\nIf [PED_NAME] = "PEDESTRIAN STREET" Then\nx = [PER_SCORE]*(5/4)\n\nEnd If"</Process><Process ToolSource="c:\program files (x86)\arcgis\desktop10.3\ArcToolbox\Toolboxes\Data Management Tools.tbx\CalculateField" Date="20151129" Time="203136">CalculateField Ped_Line_Eng SAFETY x VB "dim x\n\nIf [PED_NAME] = "PEDESTRIAN STREET" Then\nx = [PER_SCORE]*(5/4)\n\nEnd If"</Process><Process ToolSource="c:\program files (x86)\arcgis\desktop10.3\ArcToolbox\Toolboxes\Data Management Tools.tbx\CalculateField" Date="20151129" Time="203156">CalculateField Ped_Line_Eng SAFE_TRAF x VB "dim x\n\nIf [PED_NAME] = "PEDESTRIAN STREET" Then\nx = [PER_SCORE]*(5/4)\n\nEnd If"</Process><Process ToolSource="c:\program files (x86)\arcgis\desktop10.3\ArcToolbox\Toolboxes\Data Management Tools.tbx\CalculateField" Date="20151129" Time="203310">CalculateField Ped_Line_Eng SAFE_TRAF x VB "dim x\n\nIf [PED_NAME] = "PEDESTRIAN STREET" Then\nx = [PER_SCORE]*(5/4)\nElse \nx = ([TRAF_SCORE]+[PER_SCORE])*5/9\n\nEnd If"</Process><Process ToolSource="c:\program files (x86)\arcgis\desktop10.3\ArcToolbox\Toolboxes\Data Management Tools.tbx\CalculateField" Date="20151130" Time="225333">CalculateField Ped_Line_Eng WALK_TSCORE ([SAFETY]+[CON_SCORE]+[DEST_SCORE]+[AES_SCORE])/4 VB #</Process><Process ToolSource="c:\program files (x86)\arcgis\desktop10.3\ArcToolbox\Toolboxes\Data Management Tools.tbx\CalculateField" Date="20151130" Time="225452">CalculateField Ped_Line_Eng WALK_SCORE ([SAFETY]+[CON_SCORE]+[DEST_SCORE]+[AES_SCORE])/4 VB #</Process><Process ToolSource="c:\program files (x86)\arcgis\desktop10.3\ArcToolbox\Toolboxes\Data Management Tools.tbx\CalculateField" Date="20151130" Time="225529">CalculateField Ped_Line_Eng WALK_SCORE ([SAFETY]+[CON_SCORE]+[DEST_SCORE]+[AES_SCORE])/(4) VB #</Process><Process ToolSource="c:\program files (x86)\arcgis\desktop10.8\ArcToolbox\Toolboxes\Data Management Tools.tbx\CalculateField" Date="20231204" Time="141738">CalculateField Ped_Line_Eng SURV NULL VB #</Process><Process ToolSource="c:\program files (x86)\arcgis\desktop10.8\ArcToolbox\Toolboxes\Data Management Tools.tbx\CalculateField" Date="20231204" Time="141749">CalculateField Ped_Line_Eng BIN NULL VB #</Process><Process ToolSource="c:\program files (x86)\arcgis\desktop10.8\ArcToolbox\Toolboxes\Data Management Tools.tbx\CalculateField" Date="20231204" Time="141753">CalculateField Ped_Line_Eng BENCHES NULL VB #</Process><Process ToolSource="c:\program files (x86)\arcgis\desktop10.8\ArcToolbox\Toolboxes\Data Management Tools.tbx\CalculateField" Date="20231204" Time="141757">CalculateField Ped_Line_Eng SHUT_STOP NULL VB #</Process><Process ToolSource="c:\program files (x86)\arcgis\desktop10.8\ArcToolbox\Toolboxes\Data Management Tools.tbx\CalculateField" Date="20231204" Time="141801">CalculateField Ped_Line_Eng E_PHONES NULL VB #</Process><Process ToolSource="c:\program files (x86)\arcgis\desktop10.8\ArcToolbox\Toolboxes\Data Management Tools.tbx\CalculateField" Date="20231204" Time="141807">CalculateField Ped_Line_Eng MUSTER NULL VB #</Process><Process ToolSource="c:\program files (x86)\arcgis\desktop10.8\ArcToolbox\Toolboxes\Data Management Tools.tbx\CalculateField" Date="20231204" Time="141844">CalculateField Ped_Line_Eng CON_SCORE NULL VB #</Process><Process ToolSource="c:\program files (x86)\arcgis\desktop10.8\ArcToolbox\Toolboxes\Data Management Tools.tbx\CalculateField" Date="20231204" Time="141849">CalculateField Ped_Line_Eng DEST_SCORE NULL VB #</Process><Process ToolSource="c:\program files (x86)\arcgis\desktop10.8\ArcToolbox\Toolboxes\Data Management Tools.tbx\CalculateField" Date="20231204" Time="141852">CalculateField Ped_Line_Eng AES_SCORE NULL VB #</Process><Process ToolSource="c:\program files (x86)\arcgis\desktop10.8\ArcToolbox\Toolboxes\Data Management Tools.tbx\CalculateField" Date="20231204" Time="141856">CalculateField Ped_Line_Eng SAFE_TRAF NULL VB #</Process><Process ToolSource="c:\program files (x86)\arcgis\desktop10.8\ArcToolbox\Toolboxes\Data Management Tools.tbx\CalculateField" Date="20231204" Time="141900">CalculateField Ped_Line_Eng WALK_SCORE NULL VB #</Process><Process ToolSource="c:\program files (x86)\arcgis\desktop10.8\ArcToolbox\Toolboxes\Data Management Tools.tbx\CalculateField" Date="20231204" Time="141904">CalculateField Ped_Line_Eng WALK_TSCORE NULL VB #</Process><Process ToolSource="c:\program files (x86)\arcgis\desktop10.8\ArcToolbox\Toolboxes\Data Management Tools.tbx\CalculateField" Date="20231204" Time="141959">CalculateField Ped_Line_Eng SAFETY NULL VB #</Process><Process ToolSource="c:\program files (x86)\arcgis\desktop10.8\ArcToolbox\Toolboxes\Data Management Tools.tbx\CalculateField" Date="20231204" Time="142001">CalculateField Ped_Line_Eng COM_SCORE NULL VB #</Process><Process ToolSource="c:\program files (x86)\arcgis\desktop10.8\ArcToolbox\Toolboxes\Data Management Tools.tbx\CalculateField" Date="20231204" Time="142004">CalculateField Ped_Line_Eng FAC_SCORE NULL VB #</Process><Process ToolSource="c:\program files (x86)\arcgis\desktop10.8\ArcToolbox\Toolboxes\Data Management Tools.tbx\CalculateField" Date="20231204" Time="142008">CalculateField Ped_Line_Eng CON_SCO NULL VB #</Process><Process ToolSource="c:\program files (x86)\arcgis\desktop10.8\ArcToolbox\Toolboxes\Data Management Tools.tbx\CalculateField" Date="20231204" Time="142011">CalculateField Ped_Line_Eng UNI_SCORE NULL VB #</Process><Process ToolSource="c:\program files (x86)\arcgis\desktop10.8\ArcToolbox\Toolboxes\Data Management Tools.tbx\CalculateField" Date="20231204" Time="142020">CalculateField Ped_Line_Eng PER_SCORE NULL VB #</Process><Process ToolSource="c:\program files (x86)\arcgis\desktop10.8\ArcToolbox\Toolboxes\Data Management Tools.tbx\CalculateField" Date="20231204" Time="142023">CalculateField Ped_Line_Eng TRAF_SCORE NULL VB #</Process><Process ToolSource="c:\program files (x86)\arcgis\desktop10.8\ArcToolbox\Toolboxes\Data Management Tools.tbx\CalculateField" Date="20231204" Time="142026">CalculateField Ped_Line_Eng COND_NUM NULL VB #</Process><Process ToolSource="c:\program files (x86)\arcgis\desktop10.8\ArcToolbox\Toolboxes\Data Management Tools.tbx\CalculateField" Date="20231204" Time="142029">CalculateField Ped_Line_Eng TREE_NUM NULL VB #</Process><Process ToolSource="c:\program files (x86)\arcgis\desktop10.8\ArcToolbox\Toolboxes\Data Management Tools.tbx\CalculateField" Date="20231204" Time="142032">CalculateField Ped_Line_Eng BENCH_NUM NULL VB #</Process><Process ToolSource="c:\program files (x86)\arcgis\desktop10.8\ArcToolbox\Toolboxes\Data Management Tools.tbx\CalculateField" Date="20231204" Time="142036">CalculateField Ped_Line_Eng BINS_NUM NULL VB #</Process><Process ToolSource="c:\program files (x86)\arcgis\desktop10.8\ArcToolbox\Toolboxes\Data Management Tools.tbx\CalculateField" Date="20231204" Time="142044">CalculateField Ped_Line_Eng SHELT_NUM NULL VB #</Process><Process ToolSource="c:\program files (x86)\arcgis\desktop10.8\ArcToolbox\Toolboxes\Data Management Tools.tbx\CalculateField" Date="20231204" Time="142053">CalculateField Ped_Line_Eng SHUT_NUM NULL VB #</Process><Process ToolSource="c:\program files (x86)\arcgis\desktop10.8\ArcToolbox\Toolboxes\Data Management Tools.tbx\CalculateField" Date="20231204" Time="142056">CalculateField Ped_Line_Eng CONN_NUM NULL VB #</Process><Process ToolSource="c:\program files (x86)\arcgis\desktop10.8\ArcToolbox\Toolboxes\Data Management Tools.tbx\CalculateField" Date="20231204" Time="142059">CalculateField Ped_Line_Eng COMP_NUM NULL VB #</Process><Process ToolSource="c:\program files (x86)\arcgis\desktop10.8\ArcToolbox\Toolboxes\Data Management Tools.tbx\CalculateField" Date="20231204" Time="142509">CalculateField Ped_Line_Eng WID_NUM NULL VB #</Process><Process ToolSource="c:\program files (x86)\arcgis\desktop10.8\ArcToolbox\Toolboxes\Data Management Tools.tbx\CalculateField" Date="20231204" Time="142555">CalculateField Ped_Line_Eng OBS_NUM NULL VB #</Process><Process ToolSource="c:\program files (x86)\arcgis\desktop10.8\ArcToolbox\Toolboxes\Data Management Tools.tbx\CalculateField" Date="20231204" Time="142600">CalculateField Ped_Line_Eng OBS_NUM NULL VB #</Process><Process ToolSource="c:\program files (x86)\arcgis\desktop10.8\ArcToolbox\Toolboxes\Data Management Tools.tbx\CalculateField" Date="20231204" Time="142611">CalculateField Ped_Line_Eng OBS_NUM NULL VB #</Process><Process ToolSource="c:\program files (x86)\arcgis\desktop10.8\ArcToolbox\Toolboxes\Data Management Tools.tbx\CalculateField" Date="20231204" Time="142614">CalculateField Ped_Line_Eng WID_NUM NULL VB #</Process><Process ToolSource="c:\program files (x86)\arcgis\desktop10.8\ArcToolbox\Toolboxes\Data Management Tools.tbx\CalculateField" Date="20231204" Time="142618">CalculateField Ped_Line_Eng KERB_CUT_NUM NULL VB #</Process><Process ToolSource="c:\program files (x86)\arcgis\desktop10.8\ArcToolbox\Toolboxes\Data Management Tools.tbx\CalculateField" Date="20231204" Time="142622">CalculateField Ped_Line_Eng MAT_NUM NULL VB #</Process><Process ToolSource="c:\program files (x86)\arcgis\desktop10.8\ArcToolbox\Toolboxes\Data Management Tools.tbx\CalculateField" Date="20231204" Time="142741">CalculateField Ped_Line_Eng KERB_NUM NULL VB #</Process><Process ToolSource="c:\program files (x86)\arcgis\desktop10.8\ArcToolbox\Toolboxes\Data Management Tools.tbx\CalculateField" Date="20231204" Time="142745">CalculateField Ped_Line_Eng SPEED_NUM NULL VB #</Process><Process ToolSource="c:\program files (x86)\arcgis\desktop10.8\ArcToolbox\Toolboxes\Data Management Tools.tbx\CalculateField" Date="20231204" Time="142749">CalculateField Ped_Line_Eng BUFF_NUM NULL VB #</Process><Process ToolSource="c:\program files (x86)\arcgis\desktop10.8\ArcToolbox\Toolboxes\Data Management Tools.tbx\CalculateField" Date="20231204" Time="142753">CalculateField Ped_Line_Eng TCD_NUM NULL VB #</Process><Process ToolSource="c:\program files (x86)\arcgis\desktop10.8\ArcToolbox\Toolboxes\Data Management Tools.tbx\CalculateField" Date="20231204" Time="142757">CalculateField Ped_Line_Eng LIGHT_NUM NULL VB #</Process><Process ToolSource="c:\program files (x86)\arcgis\desktop10.8\ArcToolbox\Toolboxes\Data Management Tools.tbx\CalculateField" Date="20231204" Time="142800">CalculateField Ped_Line_Eng SURV_NUM NULL VB #</Process><Process ToolSource="c:\program files (x86)\arcgis\desktop10.8\ArcToolbox\Toolboxes\Data Management Tools.tbx\CalculateField" Date="20231204" Time="142807">CalculateField Ped_Line_Eng MUST_NUM NULL VB #</Process><Process ToolSource="c:\program files (x86)\arcgis\desktop10.8\ArcToolbox\Toolboxes\Data Management Tools.tbx\CalculateField" Date="20231204" Time="142811">CalculateField Ped_Line_Eng EPHONE_NUM NULL VB #</Process><Process ToolSource="c:\program files (x86)\arcgis\desktop10.8\ArcToolbox\Toolboxes\Data Management Tools.tbx\CalculateField" Date="20231204" Time="142821">CalculateField Ped_Line_Eng WFIND_NUM NULL VB #</Process><Process ToolSource="c:\program files (x86)\arcgis\desktop10.8\ArcToolbox\Toolboxes\Data Management Tools.tbx\CalculateField" Date="20231204" Time="142824">CalculateField Ped_Line_Eng GRAD_NUM NULL VB #</Process><Process ToolSource="c:\program files (x86)\arcgis\desktop10.8\ArcToolbox\Toolboxes\Data Management Tools.tbx\CalculateField" Date="20231209" Time="162323">CalculateField Ped_Line_Eng BIN NULL VB #</Process><Process ToolSource="c:\program files (x86)\arcgis\desktop10.8\ArcToolbox\Toolboxes\Data Management Tools.tbx\CalculateField" Date="20231209" Time="162327">CalculateField Ped_Line_Eng BENCHES NULL VB #</Process><Process ToolSource="c:\program files (x86)\arcgis\desktop10.8\ArcToolbox\Toolboxes\Data Management Tools.tbx\CalculateField" Date="20231209" Time="170415">CalculateField Ped_Line_Eng BENCHES NULL VB #</Process><Process ToolSource="c:\program files (x86)\arcgis\desktop10.8\ArcToolbox\Toolboxes\Data Management Tools.tbx\CalculateField" Date="20231209" Time="170646">CalculateField Ped_Line_Eng BIN NULL VB #</Process><Process ToolSource="c:\program files (x86)\arcgis\desktop10.8\ArcToolbox\Toolboxes\Data Management Tools.tbx\CalculateField" Date="20231209" Time="170700">CalculateField Ped_Line_Eng BIN NULL VB #</Process><Process ToolSource="c:\program files (x86)\arcgis\desktop10.8\ArcToolbox\Toolboxes\Conversion Tools.tbx\FeatureClassToFeatureClass" Date="20231221" Time="140000">FeatureClassToFeatureClass E:\GIS\Projects\Walkability\v1\Data.gdb\Ped_Line_Eng E:\GIS\Projects\Walkability\v1\Shapefile 20231221_135959_Ped_Line.shp # "P_ID "Pedestrian Route ID" true true false 50 Text 0 0 ,First,#,E:\GIS\Projects\Walkability\v1\Data.gdb\Ped_Line_Eng,P_ID,-1,-1;PED_TYPE "Type of Pedestrian Facility" true true false 2 Short 0 0 ,First,#,E:\GIS\Projects\Walkability\v1\Data.gdb\Ped_Line_Eng,PED_TYPE,-1,-1;GRADIENT "Gradient" true true false 50 Text 0 0 ,First,#,E:\GIS\Projects\Walkability\v1\Data.gdb\Ped_Line_Eng,GRADIENT,-1,-1;MATERIAL "Material" true true false 50 Text 0 0 ,First,#,E:\GIS\Projects\Walkability\v1\Data.gdb\Ped_Line_Eng,MATERIAL,-1,-1;CONDITION "Condition" true true false 50 Text 0 0 ,First,#,E:\GIS\Projects\Walkability\v1\Data.gdb\Ped_Line_Eng,CONDITION,-1,-1;CLEAN "Cleanliness" true true false 50 Text 0 0 ,First,#,E:\GIS\Projects\Walkability\v1\Data.gdb\Ped_Line_Eng,CLEAN,-1,-1;CURB_DIST "Distance from Curb" true true false 50 Text 0 0 ,First,#,E:\GIS\Projects\Walkability\v1\Data.gdb\Ped_Line_Eng,CURB_DIST,-1,-1;WIDTH "Width" true true false 50 Text 0 0 ,First,#,E:\GIS\Projects\Walkability\v1\Data.gdb\Ped_Line_Eng,WIDTH,-1,-1;CURB_CUTS "Curb Cuts" true true false 4 Long 0 0 ,First,#,E:\GIS\Projects\Walkability\v1\Data.gdb\Ped_Line_Eng,CURB_CUTS,-1,-1;CONN "Continuity" true true false 4 Long 0 0 ,First,#,E:\GIS\Projects\Walkability\v1\Data.gdb\Ped_Line_Eng,CONN,-1,-1;T_SPEED "Traffic Speed" true true false 50 Text 0 0 ,First,#,E:\GIS\Projects\Walkability\v1\Data.gdb\Ped_Line_Eng,T_SPEED,-1,-1;TREES "Tree Coverage" true true false 50 Text 0 0 ,First,#,E:\GIS\Projects\Walkability\v1\Data.gdb\Ped_Line_Eng,TREES,-1,-1;COMPL "Completeness" true true false 50 Text 0 0 ,First,#,E:\GIS\Projects\Walkability\v1\Data.gdb\Ped_Line_Eng,COMPL,-1,-1;LIGHTING "Lighting" true true false 50 Text 0 0 ,First,#,E:\GIS\Projects\Walkability\v1\Data.gdb\Ped_Line_Eng,LIGHTING,-1,-1;SURV "Surviellance" true true false 50 Text 0 0 ,First,#,E:\GIS\Projects\Walkability\v1\Data.gdb\Ped_Line_Eng,SURV,-1,-1;BIN "Bins" true true false 50 Text 0 0 ,First,#,E:\GIS\Projects\Walkability\v1\Data.gdb\Ped_Line_Eng,BIN,-1,-1;SHELTER "Shelter" true true false 50 Text 0 0 ,First,#,E:\GIS\Projects\Walkability\v1\Data.gdb\Ped_Line_Eng,SHELTER,-1,-1;BENCHES "Benches" true true false 50 Text 0 0 ,First,#,E:\GIS\Projects\Walkability\v1\Data.gdb\Ped_Line_Eng,BENCHES,-1,-1;WAY_FI "Wayfinding" true true false 50 Text 0 0 ,First,#,E:\GIS\Projects\Walkability\v1\Data.gdb\Ped_Line_Eng,WAY_FI,-1,-1;SHUT_STOP "Shuttle Stop" true true false 50 Text 0 0 ,First,#,E:\GIS\Projects\Walkability\v1\Data.gdb\Ped_Line_Eng,SHUT_STOP,-1,-1;E_PHONES "Emergency Phones" true true false 50 Text 0 0 ,First,#,E:\GIS\Projects\Walkability\v1\Data.gdb\Ped_Line_Eng,E_PHONES,-1,-1;MUSTER "Muster Points" true true false 50 Text 0 0 ,First,#,E:\GIS\Projects\Walkability\v1\Data.gdb\Ped_Line_Eng,MUSTER,-1,-1;DATE_COLL "Date" true true false 8 Date 0 0 ,First,#,E:\GIS\Projects\Walkability\v1\Data.gdb\Ped_Line_Eng,DATE_COLL,-1,-1;REMARKS "Remarks" true true false 250 Text 0 0 ,First,#,E:\GIS\Projects\Walkability\v1\Data.gdb\Ped_Line_Eng,REMARKS,-1,-1;GlobalID "GlobalID" false false true 38 Text 0 0 ,First,#,E:\GIS\Projects\Walkability\v1\Data.gdb\Ped_Line_Eng,GlobalID,-1,-1;OBST_PRES "OBST_PRES" true true false 50 Text 0 0 ,First,#,E:\GIS\Projects\Walkability\v1\Data.gdb\Ped_Line_Eng,OBST_PRES,-1,-1;BUF_PRES "BUFFER PRESENT" true true false 50 Text 0 0 ,First,#,E:\GIS\Projects\Walkability\v1\Data.gdb\Ped_Line_Eng,BUF_PRES,-1,-1;TCDPRES "TCD PRESENT" true true false 50 Text 0 0 ,First,#,E:\GIS\Projects\Walkability\v1\Data.gdb\Ped_Line_Eng,TCDPRES,-1,-1;KERB_NUM "KERB_NUM" true true false 8 Double 0 0 ,First,#,E:\GIS\Projects\Walkability\v1\Data.gdb\Ped_Line_Eng,KERB_NUM,-1,-1;SPEED_NUM "SPEED_NUM" true true false 8 Double 0 0 ,First,#,E:\GIS\Projects\Walkability\v1\Data.gdb\Ped_Line_Eng,SPEED_NUM,-1,-1;BUFF_NUM "BUFF_NUM" true true false 8 Double 0 0 ,First,#,E:\GIS\Projects\Walkability\v1\Data.gdb\Ped_Line_Eng,BUFF_NUM,-1,-1;TCD_NUM "TCD_NUM" true true false 8 Double 0 0 ,First,#,E:\GIS\Projects\Walkability\v1\Data.gdb\Ped_Line_Eng,TCD_NUM,-1,-1;LIGHT_NUM "LIGHT_NUM" true true false 8 Double 0 0 ,First,#,E:\GIS\Projects\Walkability\v1\Data.gdb\Ped_Line_Eng,LIGHT_NUM,-1,-1;SURV_NUM "SURV_NUM" true true false 8 Double 0 0 ,First,#,E:\GIS\Projects\Walkability\v1\Data.gdb\Ped_Line_Eng,SURV_NUM,-1,-1;MUST_NUM "MUST_NUM" true true false 8 Double 0 0 ,First,#,E:\GIS\Projects\Walkability\v1\Data.gdb\Ped_Line_Eng,MUST_NUM,-1,-1;EPHONE_NUM "EPHONE_NUM" true true false 8 Double 0 0 ,First,#,E:\GIS\Projects\Walkability\v1\Data.gdb\Ped_Line_Eng,EPHONE_NUM,-1,-1;WFIND_NUM "WFIND_NUM" true true false 8 Double 0 0 ,First,#,E:\GIS\Projects\Walkability\v1\Data.gdb\Ped_Line_Eng,WFIND_NUM,-1,-1;GRAD_NUM "GRAD_NUM" true true false 8 Double 0 0 ,First,#,E:\GIS\Projects\Walkability\v1\Data.gdb\Ped_Line_Eng,GRAD_NUM,-1,-1;MAT_NUM "MAT_NUM" true true false 8 Double 0 0 ,First,#,E:\GIS\Projects\Walkability\v1\Data.gdb\Ped_Line_Eng,MAT_NUM,-1,-1;KERB_CUT_N "KERB_CUT_NUM" true true false 8 Double 0 0 ,First,#,E:\GIS\Projects\Walkability\v1\Data.gdb\Ped_Line_Eng,KERB_CUT_NUM,-1,-1;WID_NUM "WID_NUM" true true false 8 Double 0 0 ,First,#,E:\GIS\Projects\Walkability\v1\Data.gdb\Ped_Line_Eng,WID_NUM,-1,-1;OBS_NUM "OBS_NUM" true true false 8 Double 0 0 ,First,#,E:\GIS\Projects\Walkability\v1\Data.gdb\Ped_Line_Eng,OBS_NUM,-1,-1;COMP_NUM "COMP_NUM" true true false 8 Double 0 0 ,First,#,E:\GIS\Projects\Walkability\v1\Data.gdb\Ped_Line_Eng,COMP_NUM,-1,-1;CONN_NUM "CONN_NUM" true true false 8 Double 0 0 ,First,#,E:\GIS\Projects\Walkability\v1\Data.gdb\Ped_Line_Eng,CONN_NUM,-1,-1;SHUT_NUM "SHUT_NUM" true true false 8 Double 0 0 ,First,#,E:\GIS\Projects\Walkability\v1\Data.gdb\Ped_Line_Eng,SHUT_NUM,-1,-1;CLEAN_NUM "CLEAN_NUM" true true false 8 Double 0 0 ,First,#,E:\GIS\Projects\Walkability\v1\Data.gdb\Ped_Line_Eng,CLEAN_NUM,-1,-1;SHELT_NUM "SHELT_NUM" true true false 8 Double 0 0 ,First,#,E:\GIS\Projects\Walkability\v1\Data.gdb\Ped_Line_Eng,SHELT_NUM,-1,-1;BINS_NUM "BINS_NUM" true true false 8 Double 0 0 ,First,#,E:\GIS\Projects\Walkability\v1\Data.gdb\Ped_Line_Eng,BINS_NUM,-1,-1;BENCH_NUM "BENCH_NUM" true true false 8 Double 0 0 ,First,#,E:\GIS\Projects\Walkability\v1\Data.gdb\Ped_Line_Eng,BENCH_NUM,-1,-1;TREE_NUM "TREE_NUM" true true false 8 Double 0 0 ,First,#,E:\GIS\Projects\Walkability\v1\Data.gdb\Ped_Line_Eng,TREE_NUM,-1,-1;COND_NUM "COND_NUM" true true false 8 Double 0 0 ,First,#,E:\GIS\Projects\Walkability\v1\Data.gdb\Ped_Line_Eng,COND_NUM,-1,-1;TRAF_SCORE "TRAFFIC SCORE" true true false 8 Double 0 0 ,First,#,E:\GIS\Projects\Walkability\v1\Data.gdb\Ped_Line_Eng,TRAF_SCORE,-1,-1;PER_SCORE "PERSONAL SCORE" true true false 8 Double 0 0 ,First,#,E:\GIS\Projects\Walkability\v1\Data.gdb\Ped_Line_Eng,PER_SCORE,-1,-1;UNI_SCORE "UNIVERSAL SCORE" true true false 8 Double 0 0 ,First,#,E:\GIS\Projects\Walkability\v1\Data.gdb\Ped_Line_Eng,UNI_SCORE,-1,-1;CON_SCO "CONVENIENCE SCORE" true true false 8 Double 0 0 ,First,#,E:\GIS\Projects\Walkability\v1\Data.gdb\Ped_Line_Eng,CON_SCO,-1,-1;FAC_SCORE "FACILITIES SCORE" true true false 8 Double 0 0 ,First,#,E:\GIS\Projects\Walkability\v1\Data.gdb\Ped_Line_Eng,FAC_SCORE,-1,-1;COM_SCORE "COMFORT SCORE" true true false 8 Double 0 0 ,First,#,E:\GIS\Projects\Walkability\v1\Data.gdb\Ped_Line_Eng,COM_SCORE,-1,-1;SAFETY "SAFETY SCORE" true true false 8 Double 0 0 ,First,#,E:\GIS\Projects\Walkability\v1\Data.gdb\Ped_Line_Eng,SAFETY,-1,-1;CON_SCORE "CONSPICUOUS SCORE" true true false 8 Double 0 0 ,First,#,E:\GIS\Projects\Walkability\v1\Data.gdb\Ped_Line_Eng,CON_SCORE,-1,-1;DEST_SCORE "DESTINATION SCORE" true true false 8 Double 0 0 ,First,#,E:\GIS\Projects\Walkability\v1\Data.gdb\Ped_Line_Eng,DEST_SCORE,-1,-1;AES_SCORE "AESTHETICS SCORE" true true false 8 Double 0 0 ,First,#,E:\GIS\Projects\Walkability\v1\Data.gdb\Ped_Line_Eng,AES_SCORE,-1,-1;SAFE_TRAF "SAFETY (TRAFFIC)" true true false 8 Double 0 0 ,First,#,E:\GIS\Projects\Walkability\v1\Data.gdb\Ped_Line_Eng,SAFE_TRAF,-1,-1;WALK_SCORE "WALKABILTY SCORE" true true false 8 Double 0 0 ,First,#,E:\GIS\Projects\Walkability\v1\Data.gdb\Ped_Line_Eng,WALK_SCORE,-1,-1;WALK_TSCOR "WALKABLITY TRAFFIC SCORE" true true false 8 Double 0 0 ,First,#,E:\GIS\Projects\Walkability\v1\Data.gdb\Ped_Line_Eng,WALK_TSCORE,-1,-1;PED_NAME "PEDESTRIAN TYPE NAME" true true false 50 Text 0 0 ,First,#,E:\GIS\Projects\Walkability\v1\Data.gdb\Ped_Line_Eng,PED_NAME,-1,-1;SHAPE_Leng "SHAPE_Leng" false true true 8 Double 0 0 ,First,#,E:\GIS\Projects\Walkability\v1\Data.gdb\Ped_Line_Eng,SHAPE_Length,-1,-1;WALK_CATEG "WALK_CATEG" true true false 50 Text 0 0 ,First,#,E:\GIS\Projects\Walkability\v1\Data.gdb\Ped_Line_Eng,WALK_CATEGORY,-1,-1" #</Process></lineage><itemProps><itemLocation><linkage Sync="TRUE">file://\\HIVE\E$\GIS\Projects\Walkability\v1\Shapefile\20231221_135959_Ped_Line.shp</linkage><protocol Sync="TRUE">Local Area Network</protocol></itemLocation><itemName Sync="TRUE">20231221_135959_Ped_Line</itemName><imsContentType Sync="TRUE">002</imsContentType><itemSize Sync="TRUE">0.000</itemSize></itemProps><coordRef><type Sync="TRUE">Projected</type><geogcsn Sync="TRUE">GCS_WGS_1984</geogcsn><csUnits Sync="TRUE">Linear Unit: Meter (1.000000)</csUnits><projcsn Sync="TRUE">WGS_1984_UTM_Zone_20N</projcsn><peXml Sync="TRUE">&lt;ProjectedCoordinateSystem xsi:type='typens:ProjectedCoordinateSystem' xmlns:xsi='http://www.w3.org/2001/XMLSchema-instance' xmlns:xs='http://www.w3.org/2001/XMLSchema' xmlns:typens='http://www.esri.com/schemas/ArcGIS/10.8'&gt;&lt;WKT&gt;PROJCS[&amp;quot;WGS_1984_UTM_Zone_20N&amp;quot;,GEOGCS[&amp;quot;GCS_WGS_1984&amp;quot;,DATUM[&amp;quot;D_WGS_1984&amp;quot;,SPHEROID[&amp;quot;WGS_1984&amp;quot;,6378137.0,298.257223563]],PRIMEM[&amp;quot;Greenwich&amp;quot;,0.0],UNIT[&amp;quot;Degree&amp;quot;,0.0174532925199433]],PROJECTION[&amp;quot;Transverse_Mercator&amp;quot;],PARAMETER[&amp;quot;False_Easting&amp;quot;,500000.0],PARAMETER[&amp;quot;False_Northing&amp;quot;,0.0],PARAMETER[&amp;quot;Central_Meridian&amp;quot;,-63.0],PARAMETER[&amp;quot;Scale_Factor&amp;quot;,0.9996],PARAMETER[&amp;quot;Latitude_Of_Origin&amp;quot;,0.0],UNIT[&amp;quot;Meter&amp;quot;,1.0],AUTHORITY[&amp;quot;EPSG&amp;quot;,32620]]&lt;/WKT&gt;&lt;XOrigin&gt;-5120900&lt;/XOrigin&gt;&lt;YOrigin&gt;-9998100&lt;/YOrigin&gt;&lt;XYScale&gt;450445547.3910538&lt;/XYScale&gt;&lt;ZOrigin&gt;-100000&lt;/ZOrigin&gt;&lt;ZScale&gt;10000&lt;/ZScale&gt;&lt;MOrigin&gt;-100000&lt;/MOrigin&gt;&lt;MScale&gt;10000&lt;/MScale&gt;&lt;XYTolerance&gt;0.001&lt;/XYTolerance&gt;&lt;ZTolerance&gt;0.001&lt;/ZTolerance&gt;&lt;MTolerance&gt;0.001&lt;/MTolerance&gt;&lt;HighPrecision&gt;true&lt;/HighPrecision&gt;&lt;WKID&gt;32620&lt;/WKID&gt;&lt;LatestWKID&gt;32620&lt;/LatestWKID&gt;&lt;/ProjectedCoordinateSystem&gt;</peXml></coordRef></DataProperties><SyncDate>20231221</SyncDate><SyncTime>13595900</SyncTime><ModDate>20231221</ModDate><ModTime>13595900</ModTime></Esri><dataIdInfo><envirDesc Sync="TRUE"> Version 6.2 (Build 9200) ; Esri ArcGIS 10.8.1.14362</envirDesc><dataLang><languageCode value="eng" Sync="TRUE"></languageCode><countryCode value="USA" Sync="TRUE"></countryCode></dataLang><idCitation><resTitle Sync="TRUE">20231221_135959_Ped_Line</resTitle><presForm><PresFormCd value="005" Sync="TRUE"></PresFormCd></presForm></idCitation><spatRpType><SpatRepTypCd value="001" Sync="TRUE"></SpatRepTypCd></spatRpType></dataIdInfo><mdLang><languageCode value="eng" Sync="TRUE"></languageCode><countryCode value="USA" Sync="TRUE"></countryCode></mdLang><distInfo><distFormat><formatName Sync="TRUE">Shapefile</formatName></distFormat><distTranOps><transSize Sync="TRUE">0.000</transSize></distTranOps></distInfo><mdHrLv><ScopeCd value="005" Sync="TRUE"></ScopeCd></mdHrLv><mdHrLvName Sync="TRUE">dataset</mdHrLvName><refSysInfo><RefSystem><refSysID><identCode code="32620" Sync="TRUE"></identCode><idCodeSpace Sync="TRUE">EPSG</idCodeSpace><idVersion Sync="TRUE">2.1(3.0.1)</idVersion></refSysID></RefSystem></refSysInfo><spatRepInfo><VectSpatRep><geometObjs Name="20231221_135959_Ped_Line"><geoObjTyp><GeoObjTypCd value="002" Sync="TRUE"></GeoObjTypCd></geoObjTyp><geoObjCnt Sync="TRUE">0</geoObjCnt></geometObjs><topLvl><TopoLevCd value="001" Sync="TRUE"></TopoLevCd></topLvl></VectSpatRep></spatRepInfo><spdoinfo><ptvctinf><esriterm Name="20231221_135959_Ped_Line"><efeatyp Sync="TRUE">Simple</efeatyp><efeageom code="3" Sync="TRUE"></efeageom><esritopo Sync="TRUE">FALSE</esritopo><efeacnt Sync="TRUE">0</efeacnt><spindex Sync="TRUE">FALSE</spindex><linrefer Sync="TRUE">FALSE</linrefer></esriterm></ptvctinf></spdoinfo><eainfo><detailed Name="20231221_135959_Ped_Line"><enttyp><enttypl Sync="TRUE">20231221_135959_Ped_Line</enttypl><enttypt Sync="TRUE">Feature Class</enttypt><enttypc Sync="TRUE">0</enttypc></enttyp><attr><attrlabl Sync="TRUE">FID</attrlabl><attalias Sync="TRUE">FID</attalias><attrtype Sync="TRUE">OID</attrtype><attwidth Sync="TRUE">4</attwidth><atprecis Sync="TRUE">0</atprecis><attscale Sync="TRUE">0</attscale><attrdef Sync="TRUE">Internal feature number.</attrdef><attrdefs Sync="TRUE">Esri</attrdefs><attrdomv><udom Sync="TRUE">Sequential unique whole numbers that are automatically generated.</udom></attrdomv></attr><attr><attrlabl Sync="TRUE">Shape</attrlabl><attalias Sync="TRUE">Shape</attalias><attrtype Sync="TRUE">Geometry</attrtype><attwidth Sync="TRUE">0</attwidth><atprecis Sync="TRUE">0</atprecis><attscale Sync="TRUE">0</attscale><attrdef Sync="TRUE">Feature geometry.</attrdef><attrdefs Sync="TRUE">Esri</attrdefs><attrdomv><udom Sync="TRUE">Coordinates defining the features.</udom></attrdomv></attr><attr><attrlabl Sync="TRUE">P_ID</attrlabl><attalias Sync="TRUE">P_ID</attalias><attrtype Sync="TRUE">String</attrtype><attwidth Sync="TRUE">50</attwidth><atprecis Sync="TRUE">0</atprecis><attscale Sync="TRUE">0</attscale></attr><attr><attrlabl Sync="TRUE">PED_TYPE</attrlabl><attalias Sync="TRUE">PED_TYPE</attalias><attrtype Sync="TRUE">Integer</attrtype><attwidth Sync="TRUE">5</attwidth><atprecis Sync="TRUE">5</atprecis><attscale Sync="TRUE">0</attscale></attr><attr><attrlabl Sync="TRUE">GRADIENT</attrlabl><attalias Sync="TRUE">GRADIENT</attalias><attrtype Sync="TRUE">String</attrtype><attwidth Sync="TRUE">50</attwidth><atprecis Sync="TRUE">0</atprecis><attscale Sync="TRUE">0</attscale></attr><attr><attrlabl Sync="TRUE">MATERIAL</attrlabl><attalias Sync="TRUE">MATERIAL</attalias><attrtype Sync="TRUE">String</attrtype><attwidth Sync="TRUE">50</attwidth><atprecis Sync="TRUE">0</atprecis><attscale Sync="TRUE">0</attscale></attr><attr><attrlabl Sync="TRUE">CONDITION</attrlabl><attalias Sync="TRUE">CONDITION</attalias><attrtype Sync="TRUE">String</attrtype><attwidth Sync="TRUE">50</attwidth><atprecis Sync="TRUE">0</atprecis><attscale Sync="TRUE">0</attscale></attr><attr><attrlabl Sync="TRUE">CLEAN</attrlabl><attalias Sync="TRUE">CLEAN</attalias><attrtype Sync="TRUE">String</attrtype><attwidth Sync="TRUE">50</attwidth><atprecis Sync="TRUE">0</atprecis><attscale Sync="TRUE">0</attscale></attr><attr><attrlabl Sync="TRUE">CURB_DIST</attrlabl><attalias Sync="TRUE">CURB_DIST</attalias><attrtype Sync="TRUE">String</attrtype><attwidth Sync="TRUE">50</attwidth><atprecis Sync="TRUE">0</atprecis><attscale Sync="TRUE">0</attscale></attr><attr><attrlabl Sync="TRUE">WIDTH</attrlabl><attalias Sync="TRUE">WIDTH</attalias><attrtype Sync="TRUE">String</attrtype><attwidth Sync="TRUE">50</attwidth><atprecis Sync="TRUE">0</atprecis><attscale Sync="TRUE">0</attscale></attr><attr><attrlabl Sync="TRUE">CURB_CUTS</attrlabl><attalias Sync="TRUE">CURB_CUTS</attalias><attrtype Sync="TRUE">Integer</attrtype><attwidth Sync="TRUE">10</attwidth><atprecis Sync="TRUE">10</atprecis><attscale Sync="TRUE">0</attscale></attr><attr><attrlabl Sync="TRUE">CONN</attrlabl><attalias Sync="TRUE">CONN</attalias><attrtype Sync="TRUE">Integer</attrtype><attwidth Sync="TRUE">10</attwidth><atprecis Sync="TRUE">10</atprecis><attscale Sync="TRUE">0</attscale></attr><attr><attrlabl Sync="TRUE">T_SPEED</attrlabl><attalias Sync="TRUE">T_SPEED</attalias><attrtype Sync="TRUE">String</attrtype><attwidth Sync="TRUE">50</attwidth><atprecis Sync="TRUE">0</atprecis><attscale Sync="TRUE">0</attscale></attr><attr><attrlabl Sync="TRUE">TREES</attrlabl><attalias Sync="TRUE">TREES</attalias><attrtype Sync="TRUE">String</attrtype><attwidth Sync="TRUE">50</attwidth><atprecis Sync="TRUE">0</atprecis><attscale Sync="TRUE">0</attscale></attr><attr><attrlabl Sync="TRUE">COMPL</attrlabl><attalias Sync="TRUE">COMPL</attalias><attrtype Sync="TRUE">String</attrtype><attwidth Sync="TRUE">50</attwidth><atprecis Sync="TRUE">0</atprecis><attscale Sync="TRUE">0</attscale></attr><attr><attrlabl Sync="TRUE">LIGHTING</attrlabl><attalias Sync="TRUE">LIGHTING</attalias><attrtype Sync="TRUE">String</attrtype><attwidth Sync="TRUE">50</attwidth><atprecis Sync="TRUE">0</atprecis><attscale Sync="TRUE">0</attscale></attr><attr><attrlabl Sync="TRUE">SURV</attrlabl><attalias Sync="TRUE">SURV</attalias><attrtype Sync="TRUE">String</attrtype><attwidth Sync="TRUE">50</attwidth><atprecis Sync="TRUE">0</atprecis><attscale Sync="TRUE">0</attscale></attr><attr><attrlabl Sync="TRUE">BIN</attrlabl><attalias Sync="TRUE">BIN</attalias><attrtype Sync="TRUE">String</attrtype><attwidth Sync="TRUE">50</attwidth><atprecis Sync="TRUE">0</atprecis><attscale Sync="TRUE">0</attscale></attr><attr><attrlabl Sync="TRUE">SHELTER</attrlabl><attalias Sync="TRUE">SHELTER</attalias><attrtype Sync="TRUE">String</attrtype><attwidth Sync="TRUE">50</attwidth><atprecis Sync="TRUE">0</atprecis><attscale Sync="TRUE">0</attscale></attr><attr><attrlabl Sync="TRUE">BENCHES</attrlabl><attalias Sync="TRUE">BENCHES</attalias><attrtype Sync="TRUE">String</attrtype><attwidth Sync="TRUE">50</attwidth><atprecis Sync="TRUE">0</atprecis><attscale Sync="TRUE">0</attscale></attr><attr><attrlabl Sync="TRUE">WAY_FI</attrlabl><attalias Sync="TRUE">WAY_FI</attalias><attrtype Sync="TRUE">String</attrtype><attwidth Sync="TRUE">50</attwidth><atprecis Sync="TRUE">0</atprecis><attscale Sync="TRUE">0</attscale></attr><attr><attrlabl Sync="TRUE">SHUT_STOP</attrlabl><attalias Sync="TRUE">SHUT_STOP</attalias><attrtype Sync="TRUE">String</attrtype><attwidth Sync="TRUE">50</attwidth><atprecis Sync="TRUE">0</atprecis><attscale Sync="TRUE">0</attscale></attr><attr><attrlabl Sync="TRUE">E_PHONES</attrlabl><attalias Sync="TRUE">E_PHONES</attalias><attrtype Sync="TRUE">String</attrtype><attwidth Sync="TRUE">50</attwidth><atprecis Sync="TRUE">0</atprecis><attscale Sync="TRUE">0</attscale></attr><attr><attrlabl Sync="TRUE">MUSTER</attrlabl><attalias Sync="TRUE">MUSTER</attalias><attrtype Sync="TRUE">String</attrtype><attwidth Sync="TRUE">50</attwidth><atprecis Sync="TRUE">0</atprecis><attscale Sync="TRUE">0</attscale></attr><attr><attrlabl Sync="TRUE">DATE_COLL</attrlabl><attalias Sync="TRUE">DATE_COLL</attalias><attrtype Sync="TRUE">Date</attrtype><attwidth Sync="TRUE">8</attwidth><atprecis Sync="TRUE">0</atprecis><attscale Sync="TRUE">0</attscale></attr><attr><attrlabl Sync="TRUE">REMARKS</attrlabl><attalias Sync="TRUE">REMARKS</attalias><attrtype Sync="TRUE">String</attrtype><attwidth Sync="TRUE">250</attwidth><atprecis Sync="TRUE">0</atprecis><attscale Sync="TRUE">0</attscale></attr><attr><attrlabl Sync="TRUE">GlobalID</attrlabl><attalias Sync="TRUE">GlobalID</attalias><attrtype Sync="TRUE">String</attrtype><attwidth Sync="TRUE">38</attwidth><atprecis Sync="TRUE">0</atprecis><attscale Sync="TRUE">0</attscale></attr><attr><attrlabl Sync="TRUE">OBST_PRES</attrlabl><attalias Sync="TRUE">OBST_PRES</attalias><attrtype Sync="TRUE">String</attrtype><attwidth Sync="TRUE">50</attwidth><atprecis Sync="TRUE">0</atprecis><attscale Sync="TRUE">0</attscale></attr><attr><attrlabl Sync="TRUE">BUF_PRES</attrlabl><attalias Sync="TRUE">BUF_PRES</attalias><attrtype Sync="TRUE">String</attrtype><attwidth Sync="TRUE">50</attwidth><atprecis Sync="TRUE">0</atprecis><attscale Sync="TRUE">0</attscale></attr><attr><attrlabl Sync="TRUE">TCDPRES</attrlabl><attalias Sync="TRUE">TCDPRES</attalias><attrtype Sync="TRUE">String</attrtype><attwidth Sync="TRUE">50</attwidth><atprecis Sync="TRUE">0</atprecis><attscale Sync="TRUE">0</attscale></attr><attr><attrlabl Sync="TRUE">KERB_NUM</attrlabl><attalias Sync="TRUE">KERB_NUM</attalias><attrtype Sync="TRUE">Double</attrtype><attwidth Sync="TRUE">19</attwidth><atprecis Sync="TRUE">0</atprecis><attscale Sync="TRUE">0</attscale></attr><attr><attrlabl Sync="TRUE">SPEED_NUM</attrlabl><attalias Sync="TRUE">SPEED_NUM</attalias><attrtype Sync="TRUE">Double</attrtype><attwidth Sync="TRUE">19</attwidth><atprecis Sync="TRUE">0</atprecis><attscale Sync="TRUE">0</attscale></attr><attr><attrlabl Sync="TRUE">BUFF_NUM</attrlabl><attalias Sync="TRUE">BUFF_NUM</attalias><attrtype Sync="TRUE">Double</attrtype><attwidth Sync="TRUE">19</attwidth><atprecis Sync="TRUE">0</atprecis><attscale Sync="TRUE">0</attscale></attr><attr><attrlabl Sync="TRUE">TCD_NUM</attrlabl><attalias Sync="TRUE">TCD_NUM</attalias><attrtype Sync="TRUE">Double</attrtype><attwidth Sync="TRUE">19</attwidth><atprecis Sync="TRUE">0</atprecis><attscale Sync="TRUE">0</attscale></attr><attr><attrlabl Sync="TRUE">LIGHT_NUM</attrlabl><attalias Sync="TRUE">LIGHT_NUM</attalias><attrtype Sync="TRUE">Double</attrtype><attwidth Sync="TRUE">19</attwidth><atprecis Sync="TRUE">0</atprecis><attscale Sync="TRUE">0</attscale></attr><attr><attrlabl Sync="TRUE">SURV_NUM</attrlabl><attalias Sync="TRUE">SURV_NUM</attalias><attrtype Sync="TRUE">Double</attrtype><attwidth Sync="TRUE">19</attwidth><atprecis Sync="TRUE">0</atprecis><attscale Sync="TRUE">0</attscale></attr><attr><attrlabl Sync="TRUE">MUST_NUM</attrlabl><attalias Sync="TRUE">MUST_NUM</attalias><attrtype Sync="TRUE">Double</attrtype><attwidth Sync="TRUE">19</attwidth><atprecis Sync="TRUE">0</atprecis><attscale Sync="TRUE">0</attscale></attr><attr><attrlabl Sync="TRUE">EPHONE_NUM</attrlabl><attalias Sync="TRUE">EPHONE_NUM</attalias><attrtype Sync="TRUE">Double</attrtype><attwidth Sync="TRUE">19</attwidth><atprecis Sync="TRUE">0</atprecis><attscale Sync="TRUE">0</attscale></attr><attr><attrlabl Sync="TRUE">WFIND_NUM</attrlabl><attalias Sync="TRUE">WFIND_NUM</attalias><attrtype Sync="TRUE">Double</attrtype><attwidth Sync="TRUE">19</attwidth><atprecis Sync="TRUE">0</atprecis><attscale Sync="TRUE">0</attscale></attr><attr><attrlabl Sync="TRUE">GRAD_NUM</attrlabl><attalias Sync="TRUE">GRAD_NUM</attalias><attrtype Sync="TRUE">Double</attrtype><attwidth Sync="TRUE">19</attwidth><atprecis Sync="TRUE">0</atprecis><attscale Sync="TRUE">0</attscale></attr><attr><attrlabl Sync="TRUE">MAT_NUM</attrlabl><attalias Sync="TRUE">MAT_NUM</attalias><attrtype Sync="TRUE">Double</attrtype><attwidth Sync="TRUE">19</attwidth><atprecis Sync="TRUE">0</atprecis><attscale Sync="TRUE">0</attscale></attr><attr><attrlabl Sync="TRUE">KERB_CUT_N</attrlabl><attalias Sync="TRUE">KERB_CUT_N</attalias><attrtype Sync="TRUE">Double</attrtype><attwidth Sync="TRUE">19</attwidth><atprecis Sync="TRUE">0</atprecis><attscale Sync="TRUE">0</attscale></attr><attr><attrlabl Sync="TRUE">WID_NUM</attrlabl><attalias Sync="TRUE">WID_NUM</attalias><attrtype Sync="TRUE">Double</attrtype><attwidth Sync="TRUE">19</attwidth><atprecis Sync="TRUE">0</atprecis><attscale Sync="TRUE">0</attscale></attr><attr><attrlabl Sync="TRUE">OBS_NUM</attrlabl><attalias Sync="TRUE">OBS_NUM</attalias><attrtype Sync="TRUE">Double</attrtype><attwidth Sync="TRUE">19</attwidth><atprecis Sync="TRUE">0</atprecis><attscale Sync="TRUE">0</attscale></attr><attr><attrlabl Sync="TRUE">COMP_NUM</attrlabl><attalias Sync="TRUE">COMP_NUM</attalias><attrtype Sync="TRUE">Double</attrtype><attwidth Sync="TRUE">19</attwidth><atprecis Sync="TRUE">0</atprecis><attscale Sync="TRUE">0</attscale></attr><attr><attrlabl Sync="TRUE">CONN_NUM</attrlabl><attalias Sync="TRUE">CONN_NUM</attalias><attrtype Sync="TRUE">Double</attrtype><attwidth Sync="TRUE">19</attwidth><atprecis Sync="TRUE">0</atprecis><attscale Sync="TRUE">0</attscale></attr><attr><attrlabl Sync="TRUE">SHUT_NUM</attrlabl><attalias Sync="TRUE">SHUT_NUM</attalias><attrtype Sync="TRUE">Double</attrtype><attwidth Sync="TRUE">19</attwidth><atprecis Sync="TRUE">0</atprecis><attscale Sync="TRUE">0</attscale></attr><attr><attrlabl Sync="TRUE">CLEAN_NUM</attrlabl><attalias Sync="TRUE">CLEAN_NUM</attalias><attrtype Sync="TRUE">Double</attrtype><attwidth Sync="TRUE">19</attwidth><atprecis Sync="TRUE">0</atprecis><attscale Sync="TRUE">0</attscale></attr><attr><attrlabl Sync="TRUE">SHELT_NUM</attrlabl><attalias Sync="TRUE">SHELT_NUM</attalias><attrtype Sync="TRUE">Double</attrtype><attwidth Sync="TRUE">19</attwidth><atprecis Sync="TRUE">0</atprecis><attscale Sync="TRUE">0</attscale></attr><attr><attrlabl Sync="TRUE">BINS_NUM</attrlabl><attalias Sync="TRUE">BINS_NUM</attalias><attrtype Sync="TRUE">Double</attrtype><attwidth Sync="TRUE">19</attwidth><atprecis Sync="TRUE">0</atprecis><attscale Sync="TRUE">0</attscale></attr><attr><attrlabl Sync="TRUE">BENCH_NUM</attrlabl><attalias Sync="TRUE">BENCH_NUM</attalias><attrtype Sync="TRUE">Double</attrtype><attwidth Sync="TRUE">19</attwidth><atprecis Sync="TRUE">0</atprecis><attscale Sync="TRUE">0</attscale></attr><attr><attrlabl Sync="TRUE">TREE_NUM</attrlabl><attalias Sync="TRUE">TREE_NUM</attalias><attrtype Sync="TRUE">Double</attrtype><attwidth Sync="TRUE">19</attwidth><atprecis Sync="TRUE">0</atprecis><attscale Sync="TRUE">0</attscale></attr><attr><attrlabl Sync="TRUE">COND_NUM</attrlabl><attalias Sync="TRUE">COND_NUM</attalias><attrtype Sync="TRUE">Double</attrtype><attwidth Sync="TRUE">19</attwidth><atprecis Sync="TRUE">0</atprecis><attscale Sync="TRUE">0</attscale></attr><attr><attrlabl Sync="TRUE">TRAF_SCORE</attrlabl><attalias Sync="TRUE">TRAF_SCORE</attalias><attrtype Sync="TRUE">Double</attrtype><attwidth Sync="TRUE">19</attwidth><atprecis Sync="TRUE">0</atprecis><attscale Sync="TRUE">0</attscale></attr><attr><attrlabl Sync="TRUE">PER_SCORE</attrlabl><attalias Sync="TRUE">PER_SCORE</attalias><attrtype Sync="TRUE">Double</attrtype><attwidth Sync="TRUE">19</attwidth><atprecis Sync="TRUE">0</atprecis><attscale Sync="TRUE">0</attscale></attr><attr><attrlabl Sync="TRUE">UNI_SCORE</attrlabl><attalias Sync="TRUE">UNI_SCORE</attalias><attrtype Sync="TRUE">Double</attrtype><attwidth Sync="TRUE">19</attwidth><atprecis Sync="TRUE">0</atprecis><attscale Sync="TRUE">0</attscale></attr><attr><attrlabl Sync="TRUE">CON_SCO</attrlabl><attalias Sync="TRUE">CON_SCO</attalias><attrtype Sync="TRUE">Double</attrtype><attwidth Sync="TRUE">19</attwidth><atprecis Sync="TRUE">0</atprecis><attscale Sync="TRUE">0</attscale></attr><attr><attrlabl Sync="TRUE">FAC_SCORE</attrlabl><attalias Sync="TRUE">FAC_SCORE</attalias><attrtype Sync="TRUE">Double</attrtype><attwidth Sync="TRUE">19</attwidth><atprecis Sync="TRUE">0</atprecis><attscale Sync="TRUE">0</attscale></attr><attr><attrlabl Sync="TRUE">COM_SCORE</attrlabl><attalias Sync="TRUE">COM_SCORE</attalias><attrtype Sync="TRUE">Double</attrtype><attwidth Sync="TRUE">19</attwidth><atprecis Sync="TRUE">0</atprecis><attscale Sync="TRUE">0</attscale></attr><attr><attrlabl Sync="TRUE">SAFETY</attrlabl><attalias Sync="TRUE">SAFETY</attalias><attrtype Sync="TRUE">Double</attrtype><attwidth Sync="TRUE">19</attwidth><atprecis Sync="TRUE">0</atprecis><attscale Sync="TRUE">0</attscale></attr><attr><attrlabl Sync="TRUE">CON_SCORE</attrlabl><attalias Sync="TRUE">CON_SCORE</attalias><attrtype Sync="TRUE">Double</attrtype><attwidth Sync="TRUE">19</attwidth><atprecis Sync="TRUE">0</atprecis><attscale Sync="TRUE">0</attscale></attr><attr><attrlabl Sync="TRUE">DEST_SCORE</attrlabl><attalias Sync="TRUE">DEST_SCORE</attalias><attrtype Sync="TRUE">Double</attrtype><attwidth Sync="TRUE">19</attwidth><atprecis Sync="TRUE">0</atprecis><attscale Sync="TRUE">0</attscale></attr><attr><attrlabl Sync="TRUE">AES_SCORE</attrlabl><attalias Sync="TRUE">AES_SCORE</attalias><attrtype Sync="TRUE">Double</attrtype><attwidth Sync="TRUE">19</attwidth><atprecis Sync="TRUE">0</atprecis><attscale Sync="TRUE">0</attscale></attr><attr><attrlabl Sync="TRUE">SAFE_TRAF</attrlabl><attalias Sync="TRUE">SAFE_TRAF</attalias><attrtype Sync="TRUE">Double</attrtype><attwidth Sync="TRUE">19</attwidth><atprecis Sync="TRUE">0</atprecis><attscale Sync="TRUE">0</attscale></attr><attr><attrlabl Sync="TRUE">WALK_SCORE</attrlabl><attalias Sync="TRUE">WALK_SCORE</attalias><attrtype Sync="TRUE">Double</attrtype><attwidth Sync="TRUE">19</attwidth><atprecis Sync="TRUE">0</atprecis><attscale Sync="TRUE">0</attscale></attr><attr><attrlabl Sync="TRUE">WALK_TSCOR</attrlabl><attalias Sync="TRUE">WALK_TSCOR</attalias><attrtype Sync="TRUE">Double</attrtype><attwidth Sync="TRUE">19</attwidth><atprecis Sync="TRUE">0</atprecis><attscale Sync="TRUE">0</attscale></attr><attr><attrlabl Sync="TRUE">PED_NAME</attrlabl><attalias Sync="TRUE">PED_NAME</attalias><attrtype Sync="TRUE">String</attrtype><attwidth Sync="TRUE">50</attwidth><atprecis Sync="TRUE">0</atprecis><attscale Sync="TRUE">0</attscale></attr><attr><attrlabl Sync="TRUE">SHAPE_Leng</attrlabl><attalias Sync="TRUE">SHAPE_Leng</attalias><attrtype Sync="TRUE">Double</attrtype><attwidth Sync="TRUE">19</attwidth><atprecis Sync="TRUE">0</atprecis><attscale Sync="TRUE">0</attscale></attr><attr><attrlabl Sync="TRUE">WALK_CATEG</attrlabl><attalias Sync="TRUE">WALK_CATEG</attalias><attrtype Sync="TRUE">String</attrtype><attwidth Sync="TRUE">50</attwidth><atprecis Sync="TRUE">0</atprecis><attscale Sync="TRUE">0</attscale></attr></detailed></eainfo><mdDateSt Sync="TRUE">20231221</mdDateSt></metadata>
